land,kreis,name,zusatz,strasse,hausnr,plz,ort,address
05,111,Ev. Krankenhaus Düsseldorf,Ev. Krankenhaus Düsseldorf,Kirchfeldstraße,40,40217,Düsseldorf,Kirchfeldstraße 40 40217 Düsseldorf Germany
05,111,Fliedner Klinik Düsseldorf,Fliedner Klinik Düsseldorf - Ambulanz und Tagesklinik,Martin-Luther-Platz,26,40212,Düsseldorf,Martin-Luther-Platz 26 40212 Düsseldorf Germany
05,111,Florence-Nightingale-Krankenhaus,Florence-Nightingale-Krankenhaus,Kreuzbergstraße,79,40489,Düsseldorf,Kreuzbergstraße 79 40489 Düsseldorf Germany
05,111,Johanniter Tagesklinik Düsseldorf gGmbH  Klinik für Psychiatrie und Psychotherapie,Johanniter Tagesklinik Düsseldorf gGmbH   Klinik für Psychiatrie und Psychotherapie,Marbacher Str.,79-81,40597,Düsseldorf,Marbacher Str. 79-81 40597 Düsseldorf Germany
05,111,Krankenhaus Mörsenbroich-Rath GmbH,Geriatrisches Krankenhaus Elbroich,Am Falder,6,40589,Düsseldorf,Am Falder 6 40589 Düsseldorf Germany
05,111,Krankenhaus Mörsenbroich-Rath GmbH,Augusta-Krankenhaus,Amalienstraße,9,40472,Düsseldorf,Amalienstraße 9 40472 Düsseldorf Germany
05,111,Krankenhaus Mörsenbroich-Rath GmbH,Gesundheits- und Therapie-Centrum,Hohensandweg,37,40591,Düsseldorf,Hohensandweg 37 40591 Düsseldorf Germany
05,111,Krankenhaus Mörsenbroich-Rath GmbH,St. Vinzenz - Krankenhaus,Schloßstraße,85,40477,Düsseldorf,Schloßstraße 85 40477 Düsseldorf Germany
05,111,Luisenkrankenhaus GmbH & Co. KG,Luisenkrankenhaus GmbH & Co. KG,Luise-Rainer-Straße,6-10,40235,Düsseldorf,Luise-Rainer-Straße 6-10 40235 Düsseldorf Germany
05,111,LVR-Klinikum Düsseldorf,"Bergische Landstraße 2, 40629 Düsseldorf",Bergische Landstraße,2,40629,Düsseldorf,Bergische Landstraße 2 40629 Düsseldorf Germany
05,111,LVR-Klinikum Düsseldorf,LVR-Tagesklinik,Moorenstraße,5,40225,Düsseldorf,Moorenstraße 5 40225 Düsseldorf Germany
05,111,Marien Hospital Düsseldorf GmbH,Marien Hospital Düsseldorf,Rochusstraße,2,40479,Düsseldorf,Rochusstraße 2 40479 Düsseldorf Germany
05,111,Paracelsus Klinik Golzheim,Paracelsus Klinik Golzheim,Friedrich-Lau-Straße,11,40474,Düsseldorf,Friedrich-Lau-Straße 11 40474 Düsseldorf Germany
05,111,Sana Kliniken Düsseldorf,Sana Krankenhaus Gerresheim,Gräulinger Straße,120,40625,Düsseldorf,Gräulinger Straße 120 40625 Düsseldorf Germany
05,111,Sana Kliniken Düsseldorf,Sana Krankenhaus Benrath,Urdenbacher Allee,83,40593,Düsseldorf,Urdenbacher Allee 83 40593 Düsseldorf Germany
05,111,Schön Klinik Düsseldorf SE & Co. KG,Schön Klinik Düsseldorf SE & Co. KG,Am Heerdter Krankenhaus,2,40549,Düsseldorf,Am Heerdter Krankenhaus 2 40549 Düsseldorf Germany
05,111,St. Martinus-Krankenhaus Düsseldorf,St. Martinus-Krankenhaus Düsseldorf,Gladbacher Straße,26,40219,Düsseldorf,Gladbacher Straße 26 40219 Düsseldorf Germany
05,111,Universitätsklinikum Düsseldorf,Universitätsklinikum Düsseldorf,Moorenstraße,5,40225,Düsseldorf,Moorenstraße 5 40225 Düsseldorf Germany
05,112,BG Klinikum Duisburg gGmbH,BG Klinikum Duisburg gGmbH,Großenbaumer Allee,250,47249,Duisburg,Großenbaumer Allee 250 47249 Duisburg Germany
05,112,Evangelische Klinikum Niederrhein gGmbH,Evangelisches Krankenhaus Duisburg-Nord,Fahrner Str.,133,47169,Duisburg,Fahrner Str. 133 47169 Duisburg Germany
05,112,Evangelische Klinikum Niederrhein gGmbH,Herzzentrum Duisburg,Gerrickstr.,21,47137,Duisburg,Gerrickstr. 21 47137 Duisburg Germany
05,112,Evangelisches Krankenhaus BETHESDA zu Duisburg GmbH,Ev. Krankenhaus BETHESDA zu Duisburg,Heerstr.,219,47053,Duisburg,Heerstr. 219 47053 Duisburg Germany
05,112,GFO Kliniken Niederrhein,Fachklinik St. Camillus,Kirchstr.,12,47178,Duisburg,Kirchstr. 12 47178 Duisburg Germany
05,112,Helios Klinikum Duisburg,Helios St. Johannes Klinik,Dieselstr.,185,47166,Duisburg,Dieselstr. 185 47166 Duisburg Germany
05,112,Helios Klinikum Duisburg,Helios Marien Klinik,Grunewaldstr.,96,47053,Duisburg,Grunewaldstr. 96 47053 Duisburg Germany
05,112,Helios Rhein-Ruhr Klinikum Duisburg,Helios Krankenhaus St. Anna,Albertus-Magnus-Str.,33,47259,Duisburg,Albertus-Magnus-Str. 33 47259 Duisburg Germany
05,112,Helios Rhein-Ruhr Klinikum Duisburg,Helios Klinik Duisburg-Homberg,Johannisstr.,21,47198,Duisburg,Johannisstr. 21 47198 Duisburg Germany
05,112,Johanniter-Krankenhaus Rheinhausen,Johanniter-Krankenhaus Rheinhausen,Kreuzacker,1-7,47228,Duisburg,Kreuzacker 1-7 47228 Duisburg Germany
05,112,Sana Kliniken Duisburg GmbH,Bertha-Krankenhaus,Maiblumenstr.,7,47229,Duisburg,Maiblumenstr. 7 47229 Duisburg Germany
05,112,Sana Kliniken Duisburg GmbH,Wedau-Kliniken,Zu den Rehwiesen,9-11,47055,Duisburg,Zu den Rehwiesen 9-11 47055 Duisburg Germany
05,112,Universitätsklinikum Essen,Klinik für Nuklearmedizin am Bethesda Krankenhaus Duisburg - Stationäre Behandlung,Heerstraße,219,47053,Duisburg,Heerstraße 219 47053 Duisburg Germany
05,113,Alfried Krupp Krankenhaus Essen-Steele,Alfried Krupp Krankenhaus Essen-Steele,Hellweg,100,45276,"Essen, Ruhr","Hellweg 100 45276 Essen, Ruhr Germany"
05,113,Alfried Krupp Krankenhaus Rüttenscheid,Alfried Krupp Krankenhaus Essen-Rüttenscheid,Alfried-Krupp-Str.,21,45131,"Essen, Ruhr","Alfried-Krupp-Str. 21 45131 Essen, Ruhr Germany"
05,113,Elisabeth-Krankenhaus Essen GmbH,Elisabeth-Krankenhaus Essen,Klara-Kopp-Weg,1,45138,"Essen, Ruhr","Klara-Kopp-Weg 1 45138 Essen, Ruhr Germany"
05,113,Katholische Kliniken Ruhrhalbinsel,St. Josef-Krankenhaus Kupferdreh - Hauptstandort,Heidbergweg,22-24,45257,"Essen, Ruhr","Heidbergweg 22-24 45257 Essen, Ruhr Germany"
05,113,Katholische Kliniken Ruhrhalbinsel,Fachklinik Kamillushaus Heidhausen,Heidhauser Str.,273,45239,"Essen, Ruhr","Heidhauser Str. 273 45239 Essen, Ruhr Germany"
05,113,KEM - Evang. Kliniken Essen-Mitte gGmbH,Evang. Krankenhaus Essen-Steele,Am Deimelsberg,34a,45276,"Essen, Ruhr","Am Deimelsberg 34a 45276 Essen, Ruhr Germany"
05,113,KEM - Evang. Kliniken Essen-Mitte gGmbH,Evang. Huyssens-Stiftung in Essen-Huttrop,Henricistr.,92,45136,"Essen, Ruhr","Henricistr. 92 45136 Essen, Ruhr Germany"
05,113,KEM - Evang. Kliniken Essen-Mitte gGmbH,Evang. Krankenhaus Essen-Werden,Pattbergstr.,1-3,45239,"Essen, Ruhr","Pattbergstr. 1-3 45239 Essen, Ruhr Germany"
05,113,LVR-Klinikum Essen,LVR-Tagesklinik,Overbergstraße,27,45141,"Essen, Ruhr","Overbergstraße 27 45141 Essen, Ruhr Germany"
05,113,LVR-Klinikum Essen,"Virchowstraße 174, 45147 Essen",Virchowstraße,174,45147,"Essen, Ruhr","Virchowstraße 174 45147 Essen, Ruhr Germany"
05,113,LVR-Klinikum Essen,"Wickenburgstraße 21, 45147 Essen",Wickenburgstraße,21,45147,"Essen, Ruhr","Wickenburgstraße 21 45147 Essen, Ruhr Germany"
05,113,Philippusstift Essen GmbH,Tagesklinik Düppenberg,Flurstr.,19,45355,"Essen, Ruhr","Flurstr. 19 45355 Essen, Ruhr Germany"
05,113,Philippusstift Essen GmbH,Philippusstift,Hülsmannstr.,17,45355,"Essen, Ruhr","Hülsmannstr. 17 45355 Essen, Ruhr Germany"
05,113,Procelsio Clinic,Procelsio Clinic,Girardetstr.,8,45131,"Essen, Ruhr","Girardetstr. 8 45131 Essen, Ruhr Germany"
05,113,"Ruhrlandklinik, Westdeutsches Lungenzentrum am Universitätsklinikum Essen gGmbH","Ruhrlandklinik, Westdeutsches Lungenzentrum am Universitätsklinikum Essen gGmbH",Tüschener Weg,40,45239,"Essen, Ruhr","Tüschener Weg 40 45239 Essen, Ruhr Germany"
05,113,St. Josef Krankenhaus Essen-Werden GmbH,St. Josef Krankenhaus Essen-Werden GmbH,Propsteistr.,2,45239,"Essen, Ruhr","Propsteistr. 2 45239 Essen, Ruhr Germany"
05,113,Universitätsklinikum Essen,Herzzentrum Essen-Huttrop gGmbH,Herwarthstr.,100,45138,"Essen, Ruhr","Herwarthstr. 100 45138 Essen, Ruhr Germany"
05,113,Universitätsklinikum Essen,Hauptstandort,Hufelandstr.,55,45147,"Essen, Ruhr","Hufelandstr. 55 45147 Essen, Ruhr Germany"
05,114,Helios Klinikum Krefeld GmbH,Helios Cäcilien Hospital Hüls,Fette Henn,50,47839,Krefeld,Fette Henn 50 47839 Krefeld Germany
05,114,Helios Klinikum Krefeld GmbH,Helios St. Josefshospital,Kurfürstenstraße,69,47829,Krefeld,Kurfürstenstraße 69 47829 Krefeld Germany
05,114,Helios Klinikum Krefeld GmbH,Helios Klinikum Krefeld,Lutherplatz,40,47805,Krefeld,Lutherplatz 40 47805 Krefeld Germany
05,114,Klinik Königshof Krefeld,Klinik Königshof,Am Dreifaltigkeitskloster,16,47807,Krefeld,Am Dreifaltigkeitskloster 16 47807 Krefeld Germany
05,114,Klinik Königshof Krefeld,Tagesklinik Klinik Königshof am Helios Hüls,Fette Henn,50,47839,Krefeld,Fette Henn 50 47839 Krefeld Germany
05,114,Klinik Königshof Krefeld,Tagesklinik Klinik Königshof am Helios Krefeld,Melanchthonstraße,36,47805,Krefeld,Melanchthonstraße 36 47805 Krefeld Germany
05,114,Krankenhaus Maria-Hilf Krefeld,Krankenhaus Maria-Hilf Krefeld,Dießemer Bruch,81,47805,Krefeld,Dießemer Bruch 81 47805 Krefeld Germany
05,114,LVR-Klinik Viersen,"Tagesklinik - Vom-Bruck-Platz 8, 47805 Krefeld",Vom-Bruck-Platz,8,47805,Krefeld,Vom-Bruck-Platz 8 47805 Krefeld Germany
05,116,"Johanniter GmbH, Ev. Krankenhaus Bethesda Mönchengladbach",Ev. Krankenhaus Bethesda Mönchengladbach,Ludwig-Weber-Straße,15,41061,Mönchengladbach,Ludwig-Weber-Straße 15 41061 Mönchengladbach Germany
05,116,Kliniken Maria Hilf GmbH,Kliniken Maria Hilf GmbH,Viersener Straße,450,41063,Mönchengladbach,Viersener Straße 450 41063 Mönchengladbach Germany
05,116,"Krankenhaus Neuwerk gGmbH, Mönchengladbach","Krankenhaus Neuwerk gGmbH, Mönchengladbach",Dünner Straße,214,41066,Mönchengladbach,Dünner Straße 214 41066 Mönchengladbach Germany
05,116,LVR-Klinik Mönchengladbach,"Heinrich-Pesch-Straße 39-41, 41239 Mönchengladbach",Heinrich-Pesch-Straße,39-41,41239,Mönchengladbach,Heinrich-Pesch-Straße 39-41 41239 Mönchengladbach Germany
05,116,LVR-Klinik Mönchengladbach,"Tagesklinik - Regentenstraße 91, 41061 Mönchengladbach",Regentenstraße,91,41061,Mönchengladbach,Regentenstraße 91 41061 Mönchengladbach Germany
05,116,LVR-Klinik Viersen,"Tagesklinik - Mathildenstraße 67, 41239 Mönchengladbach",Mathildenstraße,67,41239,Mönchengladbach,Mathildenstraße 67 41239 Mönchengladbach Germany
05,116,Städtische Kliniken Mönchengladbach GmbH - Elisabeth-Krankenhaus Rheydt,Städtische Kliniken Mönchengladbach GmbH - Elisabeth-Krankenhaus Rheydt,Hubertusstraße,100,41239,Mönchengladbach,Hubertusstraße 100 41239 Mönchengladbach Germany
05,117,Ev. Krankenhaus Mülheim GmbH,Evangelisches Krankenhaus Mülheim GmbH,Wertgasse,30,45468,Mülheim an der Ruhr,Wertgasse 30 45468 Mülheim an der Ruhr Germany
05,117,LVR-Klinikum Essen,LVR-Tagesklinik,Düsseldorfer Straße,136-138,45481,Mülheim an der Ruhr,Düsseldorfer Straße 136-138 45481 Mülheim an der Ruhr Germany
05,117,St. Marien-Hospital Mülheim an der Ruhr GmbH,St. Marien-Hospital Mülheim an der Ruhr GmbH-Hauptstandort,Kaiserstraße,50,45468,Mülheim an der Ruhr,Kaiserstraße 50 45468 Mülheim an der Ruhr Germany
05,119,AMEOS Krankenhausgesellschaft Oberhausen mbH,AMEOS Klinikum St. Josef Oberhausen,Mülheimer Str.,83,46045,"Oberhausen, Rheinland","Mülheimer Str. 83 46045 Oberhausen, Rheinland Germany"
05,119,AMEOS Krankenhausgesellschaft Oberhausen mbH,AMEOS Klinikum St. Marien Oberhausen,Nürnberger Str.,10,46119,"Oberhausen, Rheinland","Nürnberger Str. 10 46119 Oberhausen, Rheinland Germany"
05,119,AMEOS Krankenhausgesellschaft Oberhausen mbH,AMEOS Klinikum St. Clemens Oberhausen,Wilhelmstr.,34,46145,"Oberhausen, Rheinland","Wilhelmstr. 34 46145 Oberhausen, Rheinland Germany"
05,119,Ev. Krankenhaus Oberhausen GmbH,Evangelisches Krankenhaus Oberhausen GmbH,Virchowstr.,20,46047,"Oberhausen, Rheinland","Virchowstr. 20 46047 Oberhausen, Rheinland Germany"
05,119,Evangelische Klinikum Niederrhein gGmbH,Johanniter Krankenhaus Oberhausen,Steinbrinkstr.,96a,46145,"Oberhausen, Rheinland","Steinbrinkstr. 96a 46145 Oberhausen, Rheinland Germany"
05,119,Helios St. Elisabeth Klinik Oberhausen,Helios St. Elisabeth Klinik Oberhausen,Josefstr.,3,46045,"Oberhausen, Rheinland","Josefstr. 3 46045 Oberhausen, Rheinland Germany"
05,120,Evangelische Stiftung Tannenhof,Psychiatrische Tagesklinik Remscheid,Konrad-Adenauer-Straße,2,42853,Remscheid,Konrad-Adenauer-Straße 2 42853 Remscheid Germany
05,120,Evangelische Stiftung Tannenhof,"Klinik für Psychiatrie, Psychotherapie, Psychosomatik, Gerontopsychiatrie, Suchtmedizin und Neurologie",Remscheider Straße,76,42899,Remscheid,Remscheider Straße 76 42899 Remscheid Germany
05,120,Sana Fabricius-Klinik Remscheid GmbH,Sana Fabricius-Klinik Remscheid GmbH,Brüderstrasse,65,42853,Remscheid,Brüderstrasse 65 42853 Remscheid Germany
05,120,Sana-Klinikum Remscheid GmbH,Sana-Klinikum Remscheid GmbH,Burger Straße,211,42859,Remscheid,Burger Straße 211 42859 Remscheid Germany
05,122,Krankenhaus Bethanien,Krankenhaus Bethanien,Aufderhöher Straße,169,42699,Solingen,Aufderhöher Straße 169 42699 Solingen Germany
05,122,LVR-Klinik Langenfeld,"Frankenstraße 31a, 42653 Solingen",Frankenstraße,31a,42653,Solingen,Frankenstraße 31a 42653 Solingen Germany
05,122,Psychiatrische Tagesklinik Solingen,Psychiatrische Tagesklinik Solingen,Eichenstraße,105-109,42659,Solingen,Eichenstraße 105-109 42659 Solingen Germany
05,122,St. Lukas Klinik,Standort St. Lukas Klinik,Schwanenstraße,132,42697,Solingen,Schwanenstraße 132 42697 Solingen Germany
05,122,Städtisches Klinikum Solingen gGmbH,Städtisches Klinikum Solingen gGmbH,Gotenstraße,1,42653,Solingen,Gotenstraße 1 42653 Solingen Germany
05,124,AGAPLESION Bethesda Krankenhaus Wuppertal,AGAPLESION Bethesda Krankenhaus Wuppertal,Hainstr.,35,42109,Wuppertal,Hainstr. 35 42109 Wuppertal Germany
05,124,Evangelische Stiftung Tannenhof,Psychiatrische Tagesklinik Wuppertal-Elberfeld,Hofkamp,31-35,42103,Wuppertal,Hofkamp 31-35 42103 Wuppertal Germany
05,124,Evangelische Stiftung Tannenhof,Psychiatrische Tagesklinik Wuppertal-Barmen,Märkische Straße,8,42281,Wuppertal,Märkische Straße 8 42281 Wuppertal Germany
05,124,Evangelische Stiftung Tannenhof,Psychiatrische Klinik Wuppertal,Sanderstraße,161,42283,Wuppertal,Sanderstraße 161 42283 Wuppertal Germany
05,124,Evangelische Stiftung Tannenhof,Psychiatrische und Gerontopsychiatrische Tageskliniken Wuppertal-Elberfeld,Wesendonkstraße,7,42103,Wuppertal,Wesendonkstraße 7 42103 Wuppertal Germany
05,124,Helios Klinikum Wuppertal,"Helios Klinikum Wuppertal, Standort Elberfeld",Arrenberger Straße,20,42117,Wuppertal,Arrenberger Straße 20 42117 Wuppertal Germany
05,124,Helios Klinikum Wuppertal,"Helios Klinikum Wuppertal, Standort Barmen",Heusnerstraße,40,42283,Wuppertal,Heusnerstraße 40 42283 Wuppertal Germany
05,124,Helios Klinikum Wuppertal,Helios Klinik Bergisch Land,Im Saalscheid,5,42369,Wuppertal,Im Saalscheid 5 42369 Wuppertal Germany
05,124,Klinikverbund St. Antonius und St. Josef GmbH,Krankenhaus St. Josef,Bergstr.,6 -12,42105,Wuppertal,Bergstr. 6 -12 42105 Wuppertal Germany
05,124,Klinikverbund St. Antonius und St. Josef GmbH,Petrus-Krankenhaus,Carnaper Str.,48,42283,Wuppertal,Carnaper Str. 48 42283 Wuppertal Germany
05,124,Sana-Klinikum Remscheid GmbH,ZSG Tagesklinik Wuppertal,Weststraße,103,42119,Wuppertal,Weststraße 103 42119 Wuppertal Germany
05,154,LVR-Klinik Bedburg-Hau,"Bahnstraße 6, 47551 Bedburg-Hau",Bahnstraße,6,47551,Bedburg-Hau,Bahnstraße 6 47551 Bedburg-Hau Germany
05,154,St. Willibrord-Spital Emmerich-Rees gGmbH,St. Willibrord-Spital Emmerich-Rees gGmbH,Willibrordstraße,9,46446,Emmerich am Rhein,Willibrordstraße 9 46446 Emmerich am Rhein Germany
05,154,LVR-Klinik Bedburg-Hau,LVR-Tagesklinik,Fürstenberger Straße,1,47608,Geldern,Fürstenberger Straße 1 47608 Geldern Germany
05,154,St.-Clemens-Hospital Geldern,St.-Clemens-Hospital,Clemensstraße,6,47608,Geldern,Clemensstraße 6 47608 Geldern Germany
05,154,Standort Wilhelm-Anton-Hospital Goch,Standort Wilhelm-Anton-Hospital Goch,Voßheider Str.,214,47574,Goch,Voßheider Str. 214 47574 Goch Germany
05,154,Katholischen Karl-Leisner Klinikum gGmbH,St. Nikolaus-Hospital Kalkar,Grabenstraße,66-88,47546,"Kalkar, Niederrhein","Grabenstraße 66-88 47546 Kalkar, Niederrhein Germany"
05,154,Standort Marienhospital Kevelaer,Standort Marienhospital Kevelaer,Basilikastr.,55,47623,Kevelaer,Basilikastr. 55 47623 Kevelaer Germany
05,154,LVR-Klinik Bedburg-Hau,"Nassauerallee 93-97, 47533 Kleve",Nassauerallee,93-97,47533,"Kleve, Niederrhein","Nassauerallee 93-97 47533 Kleve, Niederrhein Germany"
05,154,Standort St.-Antonius Hospital Kleve,Standort St.-Antonius Hospital Kleve,Albersallee,5-7,47533,"Kleve, Niederrhein","Albersallee 5-7 47533 Kleve, Niederrhein Germany"
05,158,St. Josef Krankenhaus Haan,St. Josef Krankenhaus Haan,Robert-Koch-Straße,16,42781,"Haan, Rheinland","Robert-Koch-Straße 16 42781 Haan, Rheinland Germany"
05,158,Helios Klinikum Niederberg,Tagesklinik,Südring,161,42579,Heiligenhaus,Südring 161 42579 Heiligenhaus Germany
05,158,Bergman Clinics Klinik im Park,Bergman Clinics Klinik im Park,Hagelkreuzstraße,37,40721,Hilden,Hagelkreuzstraße 37 40721 Hilden Germany
05,158,LVR-Klinik Langenfeld,LVR-Tagesklinik,Am Holterhöfchen,4,40724,Hilden,Am Holterhöfchen 4 40724 Hilden Germany
05,158,LVR-Klinikum Düsseldorf,LVR-Tagesklinik,Walder Straße,34-38,40724,Hilden,Walder Straße 34-38 40724 Hilden Germany
05,158,St. Josefs Krankenhaus Hilden,St. Josefs Krankenhaus Hilden,Walder Straße,34-38,40724,Hilden,Walder Straße 34-38 40724 Hilden Germany
05,158,GFO Klinik Langenfeld,St. Martinus Krankenhaus,Klosterstraße,32,40764,Langenfeld (Rheinland),Klosterstraße 32 40764 Langenfeld (Rheinland) Germany
05,158,LVR-Klinik Langenfeld,"Kölner Straße 82, 40764 Langenfeld",Kölner Straße,82,40764,Langenfeld (Rheinland),Kölner Straße 82 40764 Langenfeld (Rheinland) Germany
05,158,LVR-Klinik Langenfeld,LVR-Tagesklinik,Lessingstraße,1a,40764,Langenfeld (Rheinland),Lessingstraße 1a 40764 Langenfeld (Rheinland) Germany
05,158,Ev. Krankenhaus Mettmann GmbH,Ev. Krankenhaus Mettmann,Gartenstraße,4-8,40822,Mettmann,Gartenstraße 4-8 40822 Mettmann Germany
05,158,Fachklinik 360° GmbH,Fachklinik 360° GmbH,Rosenstraße,2,40882,Ratingen,Rosenstraße 2 40882 Ratingen Germany
05,158,Fliedner Krankenhaus Ratingen,Fliedner Krankenhaus Ratingen,Thunesweg,58,40885,Ratingen,Thunesweg 58 40885 Ratingen Germany
05,158,St. Marien-Krankenhaus Ratingen GmbH,St. Marien-Krankenhaus Ratingen GmbH,Werdener Straße,3,40878,Ratingen,Werdener Straße 3 40878 Ratingen Germany
05,158,Evangelische Stiftung Tannenhof,Psychiatrische Klinik Langenberg,Krankenhausstraße,17,42555,Velbert,Krankenhausstraße 17 42555 Velbert Germany
05,158,Helios Klinikum Niederberg,Helios Klinikum Niederberg,Robert-Koch-Straße,2,42549,Velbert,Robert-Koch-Straße 2 42549 Velbert Germany
05,158,HPZ Heilpädagogisch-Psychotherapeutisches Zentrum,HPZ Heilpädagogisch-Psychotherapeutisches Zentrum,Erfurthweg,28,42489,Wülfrath,Erfurthweg 28 42489 Wülfrath Germany
05,162,Alexius/Josef Krankenhaus,Tagesklinik St. Luzia im Gesundheitszentrum am Augustinushaus,Krefelder Str.,82a,41539,Dormagen,Krefelder Str. 82a 41539 Dormagen Germany
05,162,Rheinland Klinikum,Rheinland Klinikum Dormagen,Dr.-Geldmacher-Straße,20,41540,Dormagen,Dr.-Geldmacher-Straße 20 41540 Dormagen Germany
05,162,Alexius/Josef Krankenhaus,Tagesklinik St. Augustinus,Montanusstraße,54,41515,Grevenbroich,Montanusstraße 54 41515 Grevenbroich Germany
05,162,Rheinland Klinikum,Rheinland Klinikum Grevenbroich Elisabethkrankenhaus,Von-Werth-Straße,5,41515,Grevenbroich,Von-Werth-Straße 5 41515 Grevenbroich Germany
05,162,Alexius/Josef Krankenhaus,Tagesklinik St. Fabiola,Hindenburgstraße,56,41352,Korschenbroich,Hindenburgstraße 56 41352 Korschenbroich Germany
05,162,Alexianer-Klinik Meerbusch gGmbH,Tagesklinik Meerbusch,Am Eisenbrand,20c,40667,Meerbusch,Am Eisenbrand 20c 40667 Meerbusch Germany
05,162,Mauritius Therapieklinik gGmbH,Mauritius Therapieklinik Meerbusch,Strümper Straße,111,40670,Meerbusch,Strümper Straße 111 40670 Meerbusch Germany
05,162,St. Elisabeth-Hospitalgesellschaft Niederrhein mbH,Hauptstandort,Hauptstraße,74,40668,Meerbusch,Hauptstraße 74 40668 Meerbusch Germany
05,162,Alexius/Josef Krankenhaus,Tagesklinik St. Anna,Am Hasenberg,46,41462,Neuss,Am Hasenberg 46 41462 Neuss Germany
05,162,Alexius/Josef Krankenhaus,Tagesklinik St. Bernhard,Berghäuschensweg,4,41464,Neuss,Berghäuschensweg 4 41464 Neuss Germany
05,162,Alexius/Josef Krankenhaus,Hauptstandort,Nordkanalallee,99,41464,Neuss,Nordkanalallee 99 41464 Neuss Germany
05,162,Alexius/Josef Krankenhaus,Tagesklinik St. Benedikt im Memory Zentrum,Steinhausstraße,40,41462,Neuss,Steinhausstraße 40 41462 Neuss Germany
05,162,Johanna-Etienne-Krankenhaus,Johanna-Etienne-Krankenhaus,Am Hasenberg,46,41462,Neuss,Am Hasenberg 46 41462 Neuss Germany
05,162,LVR-Klinik Viersen,"Tagesklinik - Preußenstraße 84, 41464 Neuss",Preußenstraße,84,41464,Neuss,Preußenstraße 84 41464 Neuss Germany
05,162,Rheinland Klinikum,Rheintor Klinik,Hafenstraße,68-76,41460,Neuss,Hafenstraße 68-76 41460 Neuss Germany
05,162,Rheinland Klinikum Neuss Lukaskrankenhaus,Lukaskrankenhaus Neuss,Preußenstraße,84,41464,Neuss,Preußenstraße 84 41464 Neuss Germany
05,166,Hospital zum Heiligen Geist Kempen,Hospital zum Heiligen Geist,Von-Broichhausen-Allee,1,47906,"Kempen, Niederrhein","Von-Broichhausen-Allee 1 47906 Kempen, Niederrhein Germany"
05,166,LVR-Klinik Viersen,"Tagesklinik - Von-Broichhausen-Allee 1, 47906 Kempen",Von-Broichhausen-Allee,1,47906,"Kempen, Niederrhein","Von-Broichhausen-Allee 1 47906 Kempen, Niederrhein Germany"
05,166,LVR-Klinik Viersen,"Tagesklinik - Sassenfelder Kirchweg 10, 41334 Nettetal",Sassenfelder Kirchweg,10,41334,Nettetal,Sassenfelder Kirchweg 10 41334 Nettetal Germany
05,166,Städtisches Krankenhaus Nettetal GmbH,Städtisches Krankenhaus Nettetal GmbH,Sassenfelder Kirchweg,1,41334,Nettetal,Sassenfelder Kirchweg 1 41334 Nettetal Germany
05,166,Allgemeines Krankenhaus Viersen GmbH,Allgemeines Krankenhaus Viersen GmbH,Hoserkirchweg,63,41747,Viersen,Hoserkirchweg 63 41747 Viersen Germany
05,166,LVR-Klinik für Orthopädie Viersen,LVR-Klinik für Orthopädie Viersen,Horionstraße,2,41749,Viersen,Horionstraße 2 41749 Viersen Germany
05,166,LVR-Klinik Mönchengladbach,"Johannisstraße 70, 41749 Viersen",Johannisstraße,70,41749,Viersen,Johannisstraße 70 41749 Viersen Germany
05,166,LVR-Klinik Viersen,"Johannisstraße 70, 41749 Viersen",Johannisstraße,70,41749,Viersen,Johannisstraße 70 41749 Viersen Germany
05,166,LVR-Klinik Viersen,"Süchtelner Straße 208, 41747 Viersen",Süchtelner Straße,208,41747,Viersen,Süchtelner Straße 208 41747 Viersen Germany
05,166,St. Irmgardis-Krankenhaus Süchteln GmbH,St. Irmgardis-Krankenhaus Süchteln,Tönisvorster Straße,26,41749,Viersen,Tönisvorster Straße 26 41749 Viersen Germany
05,170,Evangelische Klinikum Niederrhein gGmbH,Evangelisches Krankenhaus Dinslaken,Kreuzstr.,28,46535,Dinslaken,Kreuzstr. 28 46535 Dinslaken Germany
05,170,GFO Kliniken Niederrhein,St. Vinzenz-Hospital,Dr.-Otto-Seidel-Straße,31,46535,Dinslaken,Dr.-Otto-Seidel-Straße 31 46535 Dinslaken Germany
05,170,St. Bernhard-Hospital Kamp-Lintfort GmbH,St. Bernhard-Hospital Kamp-Lintfort GmbH,Bürgerm.-Schmelzing-Straße,90,47475,Kamp-Lintfort,Bürgerm.-Schmelzing-Straße 90 47475 Kamp-Lintfort Germany
05,170,Krankenhaus Bethanien Moers,Krankenhaus Bethanien Moers,Bethanienstraße,21,47441,Moers,Bethanienstraße 21 47441 Moers Germany
05,170,St. Josef Krankenhaus Moers,St. Josef Krankenhaus Moers,Asberger Straße,4,47441,Moers,Asberger Straße 4 47441 Moers Germany
05,170,St. Josef Krankenhaus Moers,St. Nikolaus Hospital Rheinberg,Orsoyer Straße,55,47495,Rheinberg,Orsoyer Straße 55 47495 Rheinberg Germany
05,170,Evangelisches Krankenhaus Wesel GmbH,Evangelisches Krankenhaus Wesel GmbH,Schermbecker Landstraße,88,46485,Wesel am Rhein,Schermbecker Landstraße 88 46485 Wesel am Rhein Germany
05,170,GFO Kliniken Niederrhein,Tagesklinik Wesel,Philipp-Reis-Straße,7,46485,Wesel am Rhein,Philipp-Reis-Straße 7 46485 Wesel am Rhein Germany
05,170,Marien-Hospital gGmbH,Marien-Hospital gGmbH,Pastor-Janßen-Straße,2-38,46483,Wesel am Rhein,Pastor-Janßen-Straße 2-38 46483 Wesel am Rhein Germany
05,170,Sankt Josef-Hospital GmbH,St. Josef-Hospital Xanten,In der Hees,4,46509,Xanten,In der Hees 4 46509 Xanten Germany
05,314,Augenklinik Dardenne SE,Augenklinik Dardenne SE,Friedrich-Ebert-Straße,23-25,53177,Bonn,Friedrich-Ebert-Straße 23-25 53177 Bonn Germany
05,314,Dr. Hoefer-Janker GmbH & Co. Klinik KG,Dr. Hoefer-Janker GmbH & Co. Klinik KG,Villenstraße,8,53129,Bonn,Villenstraße 8 53129 Bonn Germany
05,314,Gemeinschaftskrankenhaus Bonn gGmbH,Gemeinschaftskrankenhaus Bonn,Bonner Talweg,4-6,53113,Bonn,Bonner Talweg 4-6 53113 Bonn Germany
05,314,GFO Kliniken Bonn,St. Josef,Hermannstr.,37,53225,Bonn,Hermannstr. 37 53225 Bonn Germany
05,314,GFO Kliniken Bonn,St. Marien,Robert-Koch-Str.,1,53115,Bonn,Robert-Koch-Str. 1 53115 Bonn Germany
05,314,Helios Klinikum Bonn/Rhein-Sieg,Helios Klinikum Bonn/Rhein-Sieg,Von-Hompesch-Str.,1,53123,Bonn,Von-Hompesch-Str. 1 53123 Bonn Germany
05,314,"Johanniter GmbH, Johanniter-Krankenhaus",Johanniter-Krankenhaus Bonn,Johanniterstr.,3,53113,Bonn,Johanniterstr. 3 53113 Bonn Germany
05,314,"Johanniter GmbH, Waldkrankenhaus",Waldkrankenhaus Bonn,Waldstr.,73,53177,Bonn,Waldstr. 73 53177 Bonn Germany
05,314,LVR-Klinik Bonn,"Kaiser-Karl-Ring 20, 53111 Bonn",Kaiser-Karl-Ring,20,53111,Bonn,Kaiser-Karl-Ring 20 53111 Bonn Germany
05,314,LVR-Klinik Bonn,"Waldenburger Ring 46, 53119 Bonn",Waldenburger Ring,46,53119,Bonn,Waldenburger Ring 46 53119 Bonn Germany
05,314,Neurologisches Rehabilitationszentrum Godeshöhe GmbH Akut-Frührehabilitation,"Neurologisches Rehabilitationszentrum Godeshöhe GmbH, Bonn - Bad Godesberg",Waldstr.,2-10,53177,Bonn,Waldstr. 2-10 53177 Bonn Germany
05,314,Universitätsklinikum Bonn,Universitätsklinikum Bonn,Venusberg-Campus,1,53127,Bonn,Venusberg-Campus 1 53127 Bonn Germany
05,314,Universitätsklinikum Bonn,Intensivmedizin - Godeshöhe,Waldstraße,2,53117,Bonn,Waldstraße 2 53117 Bonn Germany
05,315,Alexianer Krankenhaus Köln,Alexianer Köln Rodenkirchen,Brückenstr.,45,50996,Köln,Brückenstr. 45 50996 Köln Germany
05,315,Alexianer Krankenhaus Köln,Alexianer Köln Porz,Kölner Str.,64,51149,Köln,Kölner Str. 64 51149 Köln Germany
05,315,Cellitinnen Krankenhaus St. Marien,Cellitinnen Krankenhaus St. Marien,Kunibertskloster,11-13,50668,Köln,Kunibertskloster 11-13 50668 Köln Germany
05,315,Cellitinnen-Krankenhaus St. Antonius,Cellitinnen-Krankenhaus St. Antonius,Schillerstr.,23,50968,Köln,Schillerstr. 23 50968 Köln Germany
05,315,Eduardus-Krankenhaus,Eduardus-Krankenhaus,Custodisstr.,3-17,50679,Köln,Custodisstr. 3-17 50679 Köln Germany
05,315,Evangelisches Klinikum Köln Weyertal,Evangelisches Klinikum Köln Weyertal,Weyertal,76,50931,Köln,Weyertal 76 50931 Köln Germany
05,315,Evangelisches Krankenhaus Kalk gGmbH,Evangelisches Krankenhaus Kalk gGmbH,Buchforststraße,2,51103,Köln,Buchforststraße 2 51103 Köln Germany
05,315,Heilig Geist-Krankenhaus GmbH,Heilig Geist-Krankenhaus GmbH,Graseggerstr.,105,50737,Köln,Graseggerstr. 105 50737 Köln Germany
05,315,Klinik Alteburger Straße gGmbH,Klinik Alteburger Straße gGmbH,Alteburger Straße,8-12,50678,Köln,Alteburger Straße 8-12 50678 Köln Germany
05,315,Kliniken der Stadt Köln Standort Holweide,Krankenhaus Holweide,Neufelder Str.,32,51067,Köln,Neufelder Str. 32 51067 Köln Germany
05,315,Kliniken der Stadt Köln Standort Merheim,Krankenhaus Merheim,Ostmerheimer Str.,200,51109,Köln,Ostmerheimer Str. 200 51109 Köln Germany
05,315,Kliniken der Stadt Köln Standort Riehl,Kliniken der Stadt Köln gGmbH - Kinderkrankenhaus Amsterdamer Strasse,Amsterdamerstr.,59,50735,Köln,Amsterdamerstr. 59 50735 Köln Germany
05,315,Kliniken der Stadt Köln Standort Riehl,Kliniken der Stadt Köln gGmbH - Standort Holweide - Kinder-und Jugendpsychiatrie,Florentine-Eichler-Str.,1,51067,Köln,Florentine-Eichler-Str. 1 51067 Köln Germany
05,315,Krankenhaus der Augustinerinnen,Krankenhaus der Augustinerinnen,Jakobstr.,27-31,50678,Köln,Jakobstr. 27-31 50678 Köln Germany
05,315,Krankenhaus Porz am Rhein gGmbH,Krankenhaus Porz am Rhein gGmbH,Urbacher Weg,19,51149,Köln,Urbacher Weg 19 51149 Köln Germany
05,315,LVR-Klinik Köln,"Adamsstraße 12, 51063 Köln",Adamsstraße,12,51063,Köln,Adamsstraße 12 51063 Köln Germany
05,315,LVR-Klinik Köln,"Merianstraße 92, 50765 Köln",Merianstraße,92,50765,Köln,Merianstraße 92 50765 Köln Germany
05,315,LVR-Klinik Köln,"Rottweiler Straße 1, 50739 Köln",Rottweiler Straße,1,50739,Köln,Rottweiler Straße 1 50739 Köln Germany
05,315,LVR-Klinik Köln,"Wilhelm-Griesinger-Straße 23, 51109 Köln",Wilhelm-Griesinger-Straße,23,51109,Köln,Wilhelm-Griesinger-Straße 23 51109 Köln Germany
05,315,RehaNovaKöln Frühreha (akut),RehaNovaKöln Frühreha (akut),Ostmerheimer Str.,200,51109,Köln,Ostmerheimer Str. 200 51109 Köln Germany
05,315,Sana Dreifaltigkeits-Krankenhaus Köln,Sana Dreifaltigkeits-Krankenhaus Köln,Aachener Str.,445,50933,Köln,Aachener Str. 445 50933 Köln Germany
05,315,St. Agatha Fachklinik für Seelische Gesundheit,St. Agatha Fachklinik für Seelische Gesundheit,Feldgärtenstr.,97,50735,Köln,Feldgärtenstr. 97 50735 Köln Germany
05,315,St. Elisabeth-Krankenhaus GmbH,St. Elisabeth-Krankenhaus Köln-Hohenlind,Werthmannstr.,1,50935,Köln,Werthmannstr. 1 50935 Köln Germany
05,315,St. Franziskus-Hospital GmbH,St. Franziskus-Hospital GmbH,Schönsteinstr.,63,50825,Köln,Schönsteinstr. 63 50825 Köln Germany
05,315,St. Hildegardis Krankenhaus Köln,St. Hildegardis Krankenhaus Köln,Bachemer Str.,29-33,50931,Köln,Bachemer Str. 29-33 50931 Köln Germany
05,315,St. Vinzenz-Hospital GmbH,St. Vinzenz-Hospital,Merheimer Str.,221-223,50733,Köln,Merheimer Str. 221-223 50733 Köln Germany
05,315,Tagesklinik Pionierstraße,Tagesklinik Pionierstraße,Pionierstr.,19,50735,Köln,Pionierstr. 19 50735 Köln Germany
05,315,Universitätsklinikum Köln AöR,CardioCliniC Köln,Buchforststraße,2,51103,Köln,Buchforststraße 2 51103 Köln Germany
05,315,Universitätsklinikum Köln AöR,Uniklinik Köln,Kerpener Str.,62,50937,Köln,Kerpener Str. 62 50937 Köln Germany
05,316,Katholische Kranken- und Pflegeeinrichtungen Leverkusen,St. Remigius Krankenhaus Opladen,An St. Remigus,26,51379,Leverkusen,An St. Remigus 26 51379 Leverkusen Germany
05,316,Klinikum Leverkusen,Klinikum Leverkusen,Am Gesundheitspark,11,51375,Leverkusen,Am Gesundheitspark 11 51375 Leverkusen Germany
05,316,LVR-Klinik Langenfeld,"Am Gesundheitspark 11, 51373 Leverkusen",Am Gesundheitspark,11,51373,Leverkusen,Am Gesundheitspark 11 51373 Leverkusen Germany
05,316,LVR-Klinik Langenfeld,LVR-Tagesklinik,Im Hederichsfeld,45,51379,Leverkusen,Im Hederichsfeld 45 51379 Leverkusen Germany
05,334,Alexianer Krankenhaus,Alexianer Krankenhaus,Alexianergraben,33,52062,Aachen,Alexianergraben 33 52062 Aachen Germany
05,334,Alexianer Krankenhaus,Tagesklinik 2 Allgemeinpsychiatrische Tagesklinik Aachen,Johanniterstraße,36,52064,Aachen,Johanniterstraße 36 52064 Aachen Germany
05,334,Luisenhospital Aachen,Luisenhospital Aachen,Boxgraben,99,52064,Aachen,Boxgraben 99 52064 Aachen Germany
05,334,Marienhospital Aachen GmbH,Marienhospital Aachen,Zeise,4,52066,Aachen,Zeise 4 52066 Aachen Germany
05,334,Universitätsklinikum Aachen AöR,Universitätsklinikum Aachen - Franziskus,Morillenhang,27,52074,Aachen,Morillenhang 27 52074 Aachen Germany
05,334,Universitätsklinikum Aachen AöR,Uniklinikum Aachen - Hauptgebäude,Pauwelsstraße,30,52074,Aachen,Pauwelsstraße 30 52074 Aachen Germany
05,334,LVR-Klinik Düren,LVR-Tagesklinik,Roentgenweg,1,52477,Alsdorf,Roentgenweg 1 52477 Alsdorf Germany
05,334,LVR-Klinik Düren,LVR-Tagesklinik,Kiefernweg,16,52249,"Eschweiler, Rheinland","Kiefernweg 16 52249 Eschweiler, Rheinland Germany"
05,334,St.-Antonius-Hospital gGmbH Eschweiler,St.-Antonius-Hospital Eschweiler,Dechant-Deckers-Straße,8,52249,"Eschweiler, Rheinland","Dechant-Deckers-Straße 8 52249 Eschweiler, Rheinland Germany"
05,334,Alexianer Krankenhaus,Tagesklinik 3 Allgemeinpsychiatrische Tagesklinik Simmerath,Kammerbruchstraße,8,52152,Simmerath,Kammerbruchstraße 8 52152 Simmerath Germany
05,334,Eifelklinik St. Brigida,Eifelklinik St. Brigida,Kammerbruchstraße,8,52152,Simmerath,Kammerbruchstraße 8 52152 Simmerath Germany
05,334,Alexianer Krankenhaus,Tagesklinik 4 Allgemeinpsychiatrische Tagesklinik Stolberg,Rathausstraße,26,52222,Stolberg (Rheinland),Rathausstraße 26 52222 Stolberg (Rheinland) Germany
05,334,Bethlehem Gesundheitszentrum Stolberg gGmbH,Bethlehem Gesundheitszentrum Stolberg gGmbH,Steinfeldstraße,5,52222,Stolberg (Rheinland),Steinfeldstraße 5 52222 Stolberg (Rheinland) Germany
05,334,Universitätsklinikum Aachen AöR,Universitätsklinikum Aachen - Tagesklinik für Kinder- und Jugendpsychiatrie und -psychotherapie - Stolberg,Steinfeldstraße,3a,52222,Stolberg (Rheinland),Steinfeldstraße 3a 52222 Stolberg (Rheinland) Germany
05,334,Rhein-Maas Klinikum GmbH,Rhein-Maas Klinikum GmbH,Mauerfeldchen,25,52146,Würselen,Mauerfeldchen 25 52146 Würselen Germany
05,334,Universitätsklinikum Aachen AöR,Universitätsklinikum Aachen - Tagesklinik für Allgemeinpsychiatrie Würselen,Schumanstraße,33,52146,Würselen,Schumanstraße 33 52146 Würselen Germany
05,358,Krankenhaus Düren gGmbH,Krankenhaus Düren gGmbH,Roonstr.,30,52351,"Düren, Rheinland","Roonstr. 30 52351 Düren, Rheinland Germany"
05,358,LVR-Klinik Düren,"Meckerstraße 15, 52353 Düren",Meckerstraße,15,52353,"Düren, Rheinland","Meckerstraße 15 52353 Düren, Rheinland Germany"
05,358,St. Augustinus Krankenhaus gGmbH,St. Augustinus Krankenhaus gGmbH,Renkerstraße,45,52355,"Düren, Rheinland","Renkerstraße 45 52355 Düren, Rheinland Germany"
05,358,St. Marien-Hospital  gGmbH,St. Marien-Hospital Haupteingeng,Hospitalstrasse,44,52353,"Düren, Rheinland","Hospitalstrasse 44 52353 Düren, Rheinland Germany"
05,358,Krankenhaus Jülich,Krankenhaus Jülich,Kurfürstenstr.,22,52428,Jülich,Kurfürstenstr. 22 52428 Jülich Germany
05,358,St. Josef-Krankenhaus Linnich,St. Josef-Krankenhaus Linnich,Rurdorfer Straße,49,52441,Linnich,Rurdorfer Straße 49 52441 Linnich Germany
05,362,LVR-Klinik Düren,LVR-Tagesklinik,Augustinerallee,1,50181,"Bedburg, Erft","Augustinerallee 1 50181 Bedburg, Erft Germany"
05,362,St. Hubertus-Stift GmbH,St. Hubertus-Stift GmbH,Klosterstraße,21a,50181,"Bedburg, Erft","Klosterstraße 21a 50181 Bedburg, Erft Germany"
05,362,Cellitinnen-Krankenhaus Maria-Hilf,Cellitinnen-Krankenhaus Maria-Hilf,Klosterstr.,2,50126,"Bergheim, Erft","Klosterstr. 2 50126 Bergheim, Erft Germany"
05,362,LVR-Klinik Düren,"Klosterstraße 2a, 50126 Bergheim",Klosterstraße,2a,50126,"Bergheim, Erft","Klosterstraße 2a 50126 Bergheim, Erft Germany"
05,362,GFO Klinik Brühl,Marienhospital Brühl,Mühlenstraße,21-25,50321,"Brühl, Rheinland","Mühlenstraße 21-25 50321 Brühl, Rheinland Germany"
05,362,Marien-Hospital Erftstadt-Frauenthal,Marien-Hospital Erftstadt,Münchweg,3,50374,Erftstadt,Münchweg 3 50374 Erftstadt Germany
05,362,St. Katharinen-Hospital GmbH,St. Katharinen-Hospital,Kapellenstraße,1-5,50226,Frechen,Kapellenstraße 1-5 50226 Frechen Germany
05,362,Fachklinik für Psychiatrie + Psychotherapie der MARIENBORN gGmbH,Tagesklinik der Fachklinik für Psychiatrie und Psychotherapie der MARIENBORN gGmbH (in Hürth),Argelés-sur-Mer-Str,1,50354,"Hürth, Rheinland","Argelés-sur-Mer-Str 1 50354 Hürth, Rheinland Germany"
05,362,Janus-Klinik,Janus-Klinik,Kranzmaarstr.,25,50354,"Hürth, Rheinland","Kranzmaarstr. 25 50354 Hürth, Rheinland Germany"
05,362,Sana-Krankenhaus Hürth GmbH,Sana-Krankenhaus-Hauptstandort inkl. ZNA,Krankenhausstraße,42,50354,"Hürth, Rheinland","Krankenhausstraße 42 50354 Hürth, Rheinland Germany"
05,362,Dreifaltigkeits-Krankenhaus Wesseling,Dreifaltigkeits-Krankenhaus Wesseling,Bonner Straße,84,50389,"Wesseling, Rheinland","Bonner Straße 84 50389 Wesseling, Rheinland Germany"
05,362,LVR-Klinik Bonn,"Bonner Straße 84, 50389 Wesseling",Bonner Straße,84,50389,"Wesseling, Rheinland","Bonner Straße 84 50389 Wesseling, Rheinland Germany"
05,366,LIFESPRING - Privatklinik Bad Münstereifel,LIFESPRING - Privatklinik Bad Münstereifel,Willy-Brandt-Str.,19,53902,Bad Münstereifel,Willy-Brandt-Str. 19 53902 Bad Münstereifel Germany
05,366,LVR-Klinik Bonn,"Gottfried-Disse-Straße 40, 53879 Euskirchen",Gottfried-Disse-Straße,40,53879,Euskirchen,Gottfried-Disse-Straße 40 53879 Euskirchen Germany
05,366,Marien-Hospital Euskirchen GmbH,Marien-Hospital Euskirchen GmbH,Gottfried-Disse-Straße,40,53879,Euskirchen,Gottfried-Disse-Straße 40 53879 Euskirchen Germany
05,366,Kreiskrankenhaus Mechernich GmbH,Krankenhaus Mechernich,St. Elisabeth-Straße,2-6,53894,Mechernich,St. Elisabeth-Straße 2-6 53894 Mechernich Germany
05,366,Marien-Hospital Euskirchen GmbH,Psychiatrische Tagesklinik Standort Mechernich,Auf der Wäsche,2,53894,Mechernich,Auf der Wäsche 2 53894 Mechernich Germany
05,366,Kreiskrankenhaus Mechernich GmbH,Krankenhaus Schleiden,Am Hähnchen,36,53937,"Schleiden, Eifel","Am Hähnchen 36 53937 Schleiden, Eifel Germany"
05,366,Fachklinik für Psychiatrie + Psychotherapie der MARIENBORN gGmbH,Fachklinik als Hauptstandort,Luxemburger Straße,1,53909,Zülpich,Luxemburger Straße 1 53909 Zülpich Germany
05,370,"Hermann-Josef-Krankenhaus, Erkelenz",Hermann-Josef-Krankenhaus,Tenholter Straße,43,41812,Erkelenz,Tenholter Straße 43 41812 Erkelenz Germany
05,370,ViaNobis - Die Fachklinik,Tagesklinik Erkelenz,Glück-Auf-Straße,60/60a,41812,Erkelenz,Glück-Auf-Straße 60/60a 41812 Erkelenz Germany
05,370,ViaNobis - Die Fachklinik,Fachklinik Gangelt,Katharina-Kasper-Straße,6,52538,Gangelt,Katharina-Kasper-Straße 6 52538 Gangelt Germany
05,370,ViaNobis - Die Fachklinik,Tagesklinik Gangelt an der Fachklinik,Katharina-Kasper-Straße,6,52538,Gangelt,Katharina-Kasper-Straße 6 52538 Gangelt Germany
05,370,St. Elisabeth Krankenhaus Geilenkirchen,St. Elisabeth Krankenhaus Geilenkirchen,Martin-Heyden-Straße,32,52511,Geilenkirchen,Martin-Heyden-Straße 32 52511 Geilenkirchen Germany
05,370,LVR-Klinik Viersen,"Tagesklinik - Genneper Straße 1, 52525 Heinsberg",Genneper Straße,1,52525,"Heinsberg, Rheinland","Genneper Straße 1 52525 Heinsberg, Rheinland Germany"
05,370,Städtisches Krankenhaus Heinsberg GmbH,Städtisches Krankenhaus Heinsberg GmbH,Auf dem Brand,1,52525,"Heinsberg, Rheinland","Auf dem Brand 1 52525 Heinsberg, Rheinland Germany"
05,370,ViaNobis - Die Fachklinik,Tagesklinik Heinsberg,Genneper Straße,2,52525,"Heinsberg, Rheinland","Genneper Straße 2 52525 Heinsberg, Rheinland Germany"
05,374,GFO Klinik Engelskirchen,St. Josef-Krankenhaus,Wohlandstraße,30,51766,Engelskirchen,Wohlandstraße 30 51766 Engelskirchen Germany
05,374,Klinikum Oberberg,Tagesklinik KJP,Kaiserstraße,75,51643,Gummersbach,Kaiserstraße 75 51643 Gummersbach Germany
05,374,Klinikum Oberberg,Kreiskrankenhaus Gummersbach,Wilhelm-Breckow-Allee,20,51643,Gummersbach,Wilhelm-Breckow-Allee 20 51643 Gummersbach Germany
05,374,Klinikum Oberberg,ZSG Klinik Marienheide,Leppestraße,65,51709,Marienheide,Leppestraße 65 51709 Marienheide Germany
05,374,Dr. Becker Rhein-Sieg-Klinik,Rheinisch-westfälisches Zentrum für Frührehabilitation und Beatmung in der Dr. Becker Rhein-Sieg-Klinik,Höhenstraße,30,51588,Nümbrecht,Höhenstraße 30 51588 Nümbrecht Germany
05,374,"Curt-von-Knobelsdorff-Haus, Blaues Kreuz Diakoniewerk mildtätige GmbH",Curt-von-Knobelsdorff-Haus,Hermannstraße,17,42477,Radevormwald,Hermannstraße 17 42477 Radevormwald Germany
05,374,Sana Krankenhaus Radevormwald gGmbH,Sana Krankenhaus Radevormwald,Siepenstraße,33,42477,Radevormwald,Siepenstraße 33 42477 Radevormwald Germany
05,374,MediClin Klinik Reichshof,MediClin Klinik Reichshof,Berglandstraße,1,51580,Reichshof,Berglandstraße 1 51580 Reichshof Germany
05,374,Klinikum Oberberg,Kreiskrankenhaus Waldbröl,Dr.-Goldenbogen-Straße,10,51545,Waldbröl,Dr.-Goldenbogen-Straße 10 51545 Waldbröl Germany
05,374,Helios Klinik Wipperfürth,Helios Klinik Wipperfürth,Alte-Kölner-Straße,9,51688,Wipperfürth,Alte-Kölner-Straße 9 51688 Wipperfürth Germany
05,378,Evangelisches Krankenhaus Bergisch Gladbach gGmbH,Evangelisches Krankenhaus Bergisch Gladbach gGmbH,Ferrenbergstraße,24,51465,Bergisch Gladbach,Ferrenbergstraße 24 51465 Bergisch Gladbach Germany
05,378,GFO Kliniken Rhein-Berg,Marien-Krankenhaus,Dr.-Robert-Koch-Straße,18,51465,Bergisch Gladbach,Dr.-Robert-Koch-Straße 18 51465 Bergisch Gladbach Germany
05,378,GFO Kliniken Rhein-Berg,Vinzenz Pallotti Hospital,Vinzenz-Pallotti-Straße,20,51429,Bergisch Gladbach,Vinzenz-Pallotti-Straße 20 51429 Bergisch Gladbach Germany
05,378,Psychosomatische Klinik Bergisch Gladbach,Psychosamtische Klinik - Bergisch Gladbach,Schlodderdicher Weg,23a,51469,Bergisch Gladbach,Schlodderdicher Weg 23a 51469 Bergisch Gladbach Germany
05,378,Krankenhaus Wermelskirchen GmbH,Krankenhaus Wermelskirchen,Königstraße,100,42929,Wermelskirchen,Königstraße 100 42929 Wermelskirchen Germany
05,382,GFO Kliniken Bonn,CURA Krankenhaus,Schülgenstraße,15,53604,Bad Honnef,Schülgenstraße 15 53604 Bad Honnef Germany
05,382,Rhein-Klinik Bad Honnef,Rhein-Klinik,Luisenstraße,3,53604,Bad Honnef,Luisenstraße 3 53604 Bad Honnef Germany
05,382,LVR-Klinik Bonn,"Hospitalstraße 7, 53783 Eitorf",Hospitalstraße,7,53783,Eitorf,Hospitalstraße 7 53783 Eitorf Germany
05,382,St. Franziskus Krankenhaus GmbH,St. Franziskus Krankenhaus GmbH,Hospitalstraße,7,53783,Eitorf,Hospitalstraße 7 53783 Eitorf Germany
05,382,LVR-Klinik Bonn,"Siebengebirgsring 42, 53340 Meckenheim",Siebengebirgsring,42,53340,Meckenheim,Siebengebirgsring 42 53340 Meckenheim Germany
05,382,ASKLEPIOS Klinik Sankt Augustin GmbH,ASKLEPIOS Klinik Sankt Augustin GmbH,Arnold-Janssen-Straße,29,53757,Sankt Augustin,Arnold-Janssen-Straße 29 53757 Sankt Augustin Germany
05,382,Helios Klinikum Siegburg,Helios Klinikum Siegburg,Ringstraße,49,53721,Siegburg,Ringstraße 49 53721 Siegburg Germany
05,382,Johanniter-Tagesklinik Siegburg gGmbH,Johanniter-Tagesklinik Siegburg,Mühlengrabenstr.,2,53721,Siegburg,Mühlengrabenstr. 2 53721 Siegburg Germany
05,382,GFO Kliniken Troisdorf,GFO Kliniken Troisdorf Betriebsstätte St. Josef Troisdorf,Hospitalstraße,45,53840,Troisdorf,Hospitalstraße 45 53840 Troisdorf Germany
05,382,GFO Kliniken Troisdorf,GFO Kliniken Troisdorf Betriebsstätte St. Johannes Troisdorf-Sieglar,Wilhelm-Busch-Straße,9,53844,Troisdorf,Wilhelm-Busch-Straße 9 53844 Troisdorf Germany
05,512,Katholische Kliniken Emscher-Lippe GmbH,St. Antonius-Krankenhaus Bottrop-Kirchhellen,Gartenstraße,17,46244,Bottrop,Gartenstraße 17 46244 Bottrop Germany
05,512,Knappschaftskrankenhaus Bottrop GmbH,Knappschaftskrankenhaus Bottrop,Osterfelder Straße,157,46242,Bottrop,Osterfelder Straße 157 46242 Bottrop Germany
05,512,LWL-Klinik Marl-Sinsen Marl,Tagesklink Bottrop der LWL-Klinik Marl-Sinsen - Haardklinik - Kinder- und Jugendpsychiatrie - Psychotherapie - Psychosomatik,Josef-Albers-Straße,72,46236,Bottrop,Josef-Albers-Straße 72 46236 Bottrop Germany
05,512,Marienhospital Bottrop gGmbH,Marienhospital Bottrop gGmbH,Josef-Albers-Straße,70,46236,Bottrop,Josef-Albers-Straße 70 46236 Bottrop Germany
05,512,VALEARA Bottrop GmbH,VALEARA Bottrop GmbH,Hochstr.,43,46236,Bottrop,Hochstr. 43 46236 Bottrop Germany
05,513,Bergmannsheil und Kinderklinik Buer gGmbH,Bergmannsheil und Kinderklinik Buer gGmbH,Schernerweg,4,45894,Gelsenkirchen,Schernerweg 4 45894 Gelsenkirchen Germany
05,513,Elisabeth-Krankenhaus GmbH,Elisabeth-Krankenhaus,Cranger Straße,226,45891,Gelsenkirchen,Cranger Straße 226 45891 Gelsenkirchen Germany
05,513,Evangelische Kliniken Gelsenkirchen GmbH,Tagesklinik,Bruchstraße,1-5,45883,Gelsenkirchen,Bruchstraße 1-5 45883 Gelsenkirchen Germany
05,513,Evangelische Kliniken Gelsenkirchen GmbH,Hauptstandort,Munckelstraße,27,45879,Gelsenkirchen,Munckelstraße 27 45879 Gelsenkirchen Germany
05,513,Katholische Kliniken Emscher-Lippe GmbH,St. Josef-Hospital Gelsenkirchen-Horst,Rudolf-Bertram-Platz,1,45899,Gelsenkirchen,Rudolf-Bertram-Platz 1 45899 Gelsenkirchen Germany
05,513,Marienhospital Gelsenkirchen GmbH,Marienhospital Gelsenkirchen,Virchowstraße,122,45886,Gelsenkirchen,Virchowstraße 122 45886 Gelsenkirchen Germany
05,513,Sankt Marien-Hospital Buer GmbH,Sankt Marien-Hospital Gelsenkirchen-Buer,Mühlenstraße,5-9,45894,Gelsenkirchen,Mühlenstraße 5-9 45894 Gelsenkirchen Germany
05,515,Alexianer Krankenhaus Münster,Alexianer Krankenhaus Münster,Alexianerweg,9,48163,"Münster, Westfalen","Alexianerweg 9 48163 Münster, Westfalen Germany"
05,515,Alexianer Krankenhaus Münster,Tagesklinik (Clemens-Wallrath-Haus),Josefstraße,4,48151,"Münster, Westfalen","Josefstraße 4 48151 Münster, Westfalen Germany"
05,515,EVK Münster - Alexianer Johannisstift GmbH,Ev.  Krankenhaus Johannisstift,Wichernstraße,8,48147,"Münster, Westfalen","Wichernstraße 8 48147 Münster, Westfalen Germany"
05,515,Fachklinik Hornheide,Fachklinik Hornheide,Dorbaumstraße,300,48157,"Münster, Westfalen","Dorbaumstraße 300 48157 Münster, Westfalen Germany"
05,515,Herz-Jesu-Krankenhaus Münster-Hiltrup,Herz-Jesu-Krankenhaus Münster-Hiltrup,Westfalenstraße,109,48165,"Münster, Westfalen","Westfalenstraße 109 48165 Münster, Westfalen Germany"
05,515,Ludgerus-Kliniken Münster GmbH,Clemenshospital Münster,Düesbergweg,124,48153,"Münster, Westfalen","Düesbergweg 124 48153 Münster, Westfalen Germany"
05,515,Ludgerus-Kliniken Münster GmbH,Raphaelsklinik Münster,Loerstraße,23,48143,"Münster, Westfalen","Loerstraße 23 48143 Münster, Westfalen Germany"
05,515,LWL-Klinik Münster,LWL-Klinik Münster,Friedrich-Wilhelm-Weber-Straße,30,48147,"Münster, Westfalen","Friedrich-Wilhelm-Weber-Straße 30 48147 Münster, Westfalen Germany"
05,515,St. Franziskus-Hospital GmbH,St. Franziskus-Hospital Münster,Hohenzollernring,70,48145,"Münster, Westfalen","Hohenzollernring 70 48145 Münster, Westfalen Germany"
05,515,UKM - Universitätsklinikum Münster,Universitätsklinikum Münster,Albert-Schweitzer-Campus,1,48149,"Münster, Westfalen","Albert-Schweitzer-Campus 1 48149 Münster, Westfalen Germany"
05,515,UKM - Universitätsklinikum Münster,"Tagesklinik Roxel für Kinder, Jugendliche und Familien",Schelmenstiege,1,48163,"Münster, Westfalen","Schelmenstiege 1 48163 Münster, Westfalen Germany"
05,554,Klinikum Westmünsterland,St. Marien-Krankenhaus Ahaus,Wüllener Straße,101,48683,Ahaus,Wüllener Straße 101 48683 Ahaus Germany
05,554,Klinikum Westmünsterland,St. Agnes-Hospital Bocholt,Barloer Weg,125,46397,Bocholt,Barloer Weg 125 46397 Bocholt Germany
05,554,Klinikum Westmünsterland,St. Marien-Hospital Borken,Am Boltenhof,7,46325,"Borken, Westfalen","Am Boltenhof 7 46325 Borken, Westfalen Germany"
05,554,LWL-Klinik Marl-Sinsen Marl,Tagesklink Borken der LWL-Klinik Marl-Sinsen - Haardklinik - Kinder- und Jugendpsychiatrie - Psychotherapie - Psychosomatik,Bocholter Straße,5,46325,"Borken, Westfalen","Bocholter Straße 5 46325 Borken, Westfalen Germany"
05,554,Evangelisches Lukas-Krankenhaus,Evangelisches Lukas-Krankenhaus,Zum Lukaskrankenhaus,1,48599,Gronau (Westfalen),Zum Lukaskrankenhaus 1 48599 Gronau (Westfalen) Germany
05,554,LWL-Klinik Marl-Sinsen Marl,Tagesklink Gronau der LWL-Klinik Marl-Sinsen- Haardklinik - Kinder- und Jugendpsychiatrie - Psychotherapie - Psychosomatik,Bentheimer Straße,20,48599,Gronau (Westfalen),Bentheimer Straße 20 48599 Gronau (Westfalen) Germany
05,554,St. Antonius-Hospital Gronau,St. Antonius-Hospital Gronau,Möllenweg,22,48599,Gronau (Westfalen),Möllenweg 22 48599 Gronau (Westfalen) Germany
05,554,Augustahospital Anholt,Augustahospital Anholt,Augustastraße,8,46419,Isselburg,Augustastraße 8 46419 Isselburg Germany
05,554,Klinikum Westmünsterland,St. Vinzenz-Hospital Rhede,Vinzenzstraße,6,46414,"Rhede, Westfalen","Vinzenzstraße 6 46414 Rhede, Westfalen Germany"
05,554,Klinikum Westmünsterland,St. Marien-Hospital Vreden,An't Lindeken,100,48691,Vreden,An't Lindeken 100 48691 Vreden Germany
05,558,Christophorus-Kliniken,"Christophorus-Kliniken, Standort Coesfeld",Südring,41,48653,Coesfeld,Südring 41 48653 Coesfeld Germany
05,558,LWL-Klinik Marl-Sinsen Marl,Tagesklink Coesfeld der LWL-Klinik Marl-Sinsen - Haardklinik - Kinder- und Jugendpsychiatrie - Psychotherapie - Psychosomatik,Dülmener Straße,21,48653,Coesfeld,Dülmener Straße 21 48653 Coesfeld Germany
05,558,Christophorus-Kliniken,"Christophorus-Kliniken, Standort Dülmen",Vollenstraße,10,48249,Dülmen,Vollenstraße 10 48249 Dülmen Germany
05,558,Klinik am Schlossgarten Dülmen,Dülmen,Am Schlossgarten,10,48249,Dülmen,Am Schlossgarten 10 48249 Dülmen Germany
05,558,St. Marien-Hospital Lüdinghausen GmbH,St. Marien-Hospital Lüdinghausen,Neustr.,1,59348,Lüdinghausen,Neustr. 1 59348 Lüdinghausen Germany
05,558,Christophorus-Kliniken,"Christophorus-Klinken, Standort Nottuln",Hagenstraße,35,48301,Nottuln,Hagenstraße 35 48301 Nottuln Germany
05,558,Klinik am Schlossgarten Dülmen,Nottuln,Uphovener Weg,5-7,48301,Nottuln,Uphovener Weg 5-7 48301 Nottuln Germany
05,562,Evangelisches Krankenhaus Castrop-Rauxel,Krankenhaus Grutholzallee,Grutholzallee,21,44577,Castrop-Rauxel,Grutholzallee 21 44577 Castrop-Rauxel Germany
05,562,St. Lukas Klinikum,St. Rochus-Hospital,Glückaufstraße,10,44575,Castrop-Rauxel,Glückaufstraße 10 44575 Castrop-Rauxel Germany
05,562,St. Vincenz-Krankenhaus,St. Vincenz-Krankenhaus,Rottstraße,11,45711,Datteln,Rottstraße 11 45711 Datteln Germany
05,562,Vestische Kinder- und Jugendklinik Datteln,Vestische Kinder- und Jugendklinik Datteln,Dr.-Fr.-Steiner-Straße,5,45711,Datteln,Dr.-Fr.-Steiner-Straße 5 45711 Datteln Germany
05,562,KKRN Katholisches Klinikum Ruhrgebiet Nord GmbH,St. Elisabeth-Krankenhaus  Dorsten,Pfr.-Wilhelm-Schmitz-Str,1,46282,Dorsten,Pfr.-Wilhelm-Schmitz-Str 1 46282 Dorsten Germany
05,562,LWL-Klinik Herten,LWL-Klinik Herten - Tagesklinik Dorsten,Clemens-August-Straße,49,46282,Dorsten,Clemens-August-Straße 49 46282 Dorsten Germany
05,562,Katholische Kliniken Emscher-Lippe GmbH,St. Barbara-Hospital Gladbeck,Barbarastraße,1,45964,Gladbeck,Barbarastraße 1 45964 Gladbeck Germany
05,562,KKRN Katholisches Klinikum Ruhrgebiet Nord GmbH,St. Sixtus-Hospital Haltern am See,Gartenstraße,2,45721,Haltern am See,Gartenstraße 2 45721 Haltern am See Germany
05,562,LWL-Klinik Herten,LWL-Klinik Herten - Tagesklinik Haltern,Sixtusstraße,27,45721,Haltern am See,Sixtusstraße 27 45721 Haltern am See Germany
05,562,KKRN Katholisches Klinikum Ruhrgebiet Nord GmbH,Gertrudis-Hospital Westerholt,Kuhstraße,23,45701,"Herten, Westfalen","Kuhstraße 23 45701 Herten, Westfalen Germany"
05,562,LWL-Klinik Herten,LWL-Klinik Herten,Im Schloßpark,20,45699,"Herten, Westfalen","Im Schloßpark 20 45699 Herten, Westfalen Germany"
05,562,Stiftungsklinikum PROSELIS gGmbH,St. Elisabeth-Hospital,Im Schloßpark,12,45699,"Herten, Westfalen","Im Schloßpark 12 45699 Herten, Westfalen Germany"
05,562,KKRN Katholisches Klinikum Ruhrgebiet Nord GmbH,Marien-Hospital Marl,Hervester Straße,57,45768,"Marl, Westfalen","Hervester Straße 57 45768 Marl, Westfalen Germany"
05,562,Klinikum Vest GmbH,Paracelsus-Klinik Marl,Lipper Weg,11,45770,"Marl, Westfalen","Lipper Weg 11 45770 Marl, Westfalen Germany"
05,562,LWL-Klinik Marl-Sinsen Marl,LWL-Klinik Marl-Sinsen - Haardklinik - Kinder- und Jugendpsychiatrie - Psychotherapie - Psychosomatik,Halternerst.,525,45770,"Marl, Westfalen","Halternerst. 525 45770 Marl, Westfalen Germany"
05,562,Elisabeth Krankenhaus Recklinghausen,Elisabeth Krankenhaus Recklinghausen,Röntgenstraße,10,45661,"Recklinghausen, Westfalen","Röntgenstraße 10 45661 Recklinghausen, Westfalen Germany"
05,562,Klinikum Vest GmbH,Knappschaftskrankenhaus Recklinghausen,Dorstener Straße,151,45657,"Recklinghausen, Westfalen","Dorstener Straße 151 45657 Recklinghausen, Westfalen Germany"
05,562,LWL-Klinik Marl-Sinsen Marl,Tagesklinik -  Recklinghausen der LWL-Klinik Marl-Sinsen - Haardklinik - Kinder- und Jugendpsychiatrie - Psychotherapie - Psychosomatik,Herner Straße,22,45657,"Recklinghausen, Westfalen","Herner Straße 22 45657 Recklinghausen, Westfalen Germany"
05,562,Stiftungsklinikum PROSELIS gGmbH,Prosper-Hospital Recklinghausen,Mühlenstraße,27,45659,"Recklinghausen, Westfalen","Mühlenstraße 27 45659 Recklinghausen, Westfalen Germany"
05,562,St.-Laurentius-Stift,St.-Laurentius-Stift,Hochstraße,20,45731,Waltrop,Hochstraße 20 45731 Waltrop Germany
05,566,UKM Marienhospital Steinfurt,UKM Marienhospital Steinfurt - Klinik für Psychosoamtik und Psychotherapie,Marienstr.,45,48282,Emsdetten,Marienstr. 45 48282 Emsdetten Germany
05,566,Maria-Josef-Hospital Greven GmbH,Maria-Josef-Hospital Greven,Lindenstr.,29,48268,"Greven, Westfalen","Lindenstr. 29 48268 Greven, Westfalen Germany"
05,566,St. Antonius Krankenhaus Hörstel,St. Antonius Krankenhaus Hörstel,Krankenhausstr.,17,48477,Hörstel,Krankenhausstr. 17 48477 Hörstel Germany
05,566,Klinikum Ibbenbüren,Klinikum Ibbenbüren,Große Str.,41,49477,Ibbenbüren,Große Str. 41 49477 Ibbenbüren Germany
05,566,LWL-Klinik Lengerich,LWL-Klinik Tagesklinik Ibbenbüren,Rudolf-Diesel-Str.,18,49479,Ibbenbüren,Rudolf-Diesel-Str. 18 49479 Ibbenbüren Germany
05,566,Helios Klinik Lengerich,Helios Klinik Lengerich,Martin-Luther-Straße,49,49525,"Lengerich, Westfalen","Martin-Luther-Straße 49 49525 Lengerich, Westfalen Germany"
05,566,LWL-Klinik Lengerich,LWL-Klinik Lengerich Standort Lengerich,Parkallee,10,49525,"Lengerich, Westfalen","Parkallee 10 49525 Lengerich, Westfalen Germany"
05,566,Klinikum Rheine,Klinikum Rheine,Frankenburgstr.,31,48431,Rheine,Frankenburgstr. 31 48431 Rheine Germany
05,566,LWL-Klinik Lengerich,LWL-Klinik Lengerich Standort Rheine,Hörstkamp,12,48431,Rheine,Hörstkamp 12 48431 Rheine Germany
05,566,LWL-Klinik Lengerich,LWL-Klinik Lengerich Tagesklinik Steinfurt/ Borghorst,Arnold-Kock-Str.,10,48565,"Steinfurt, Westfalen","Arnold-Kock-Str. 10 48565 Steinfurt, Westfalen Germany"
05,566,UKM Marienhospital Steinfurt,UKM Marienhospital Steinfurt - Krankenhaus,Mauritiusstr.,5,48565,"Steinfurt, Westfalen","Mauritiusstr. 5 48565 Steinfurt, Westfalen Germany"
05,570,St. Franziskus-Hospital Ahlen,St. Franziskus-Hospital Ahlen,Robert-Koch-Straße,55,59227,"Ahlen, Westfalen","Robert-Koch-Straße 55 59227 Ahlen, Westfalen Germany"
05,570,St. Rochus-Hospital Telgte GmbH,Tagesklinik Ahlen,Parkstraße,49,59227,"Ahlen, Westfalen","Parkstraße 49 59227 Ahlen, Westfalen Germany"
05,570,St. Elisabeth-Hospital Beckum GmbH,St. Elisabeth-Hospital Beckum,Elisabethstraße,10,59269,"Beckum, Westfalen","Elisabethstraße 10 59269 Beckum, Westfalen Germany"
05,570,Tagesklinik Walstedde GmbH,Tagesklinik Walstedde,Dorfstraße,9,48317,Drensteinfurt,Dorfstraße 9 48317 Drensteinfurt Germany
05,570,Katholische Hospitalvereinigung Ostwestfalen gGmbH Bielefeld,Marienhospital Oelde,Spellerstraße,16,59302,"Oelde, Westfalen","Spellerstraße 16 59302 Oelde, Westfalen Germany"
05,570,St. Josef-Stift Sendenhorst,St. Josef-Stift,Westtor,7,48324,Sendenhorst,Westtor 7 48324 Sendenhorst Germany
05,570,St. Rochus-Hospital Telgte GmbH,Hauptstandort Telgte,Am Rochus-Hospital,1,48291,Telgte,Am Rochus-Hospital 1 48291 Telgte Germany
05,570,Josephs-Hospital Warendorf,Josephs-Hospital Warendorf,Am Krankenhaus,2,48231,Warendorf,Am Krankenhaus 2 48231 Warendorf Germany
05,570,LWL-Universitätsklinik Hamm der Ruhr-Universität Bochum,LWL-Tagesklinik Warendorf,Rosenstraße,21,48231,Warendorf,Rosenstraße 21 48231 Warendorf Germany
05,570,St. Rochus-Hospital Telgte GmbH,Tagesklinik Warendorf,Von-Ketteler-Straße,39,48231,Warendorf,Von-Ketteler-Straße 39 48231 Warendorf Germany
05,711,Evangelisches Klinikum Bethel gGmbH,Bethel,Burgsteig,13,33617,Bielefeld,Burgsteig 13 33617 Bielefeld Germany
05,711,Evangelisches Klinikum Bethel gGmbH,Johannesstift,Schildescher Straße,99,33611,Bielefeld,Schildescher Straße 99 33611 Bielefeld Germany
05,711,Katholische Hospitalvereinigung Ostwestfalen gGmbH Bielefeld,Franziskus Hospital,Kiskerstrassse,26,33615,Bielefeld,Kiskerstrassse 26 33615 Bielefeld Germany
05,711,Klinik Dr. Hartog,Klinik Dr. Hartog -Hauptstandort-,Kiskerstraße,15,33615,Bielefeld,Kiskerstraße 15 33615 Bielefeld Germany
05,711,Klinikum Bielefeld gGmbH,Klinikum Bielefeld Rosenhöhe,An der Rosenhöhe,27,33647,Bielefeld,An der Rosenhöhe 27 33647 Bielefeld Germany
05,711,Klinikum Bielefeld gGmbH,Klinikum Bielefeld Mitte,Teutoburger Straße,50,33604,Bielefeld,Teutoburger Straße 50 33604 Bielefeld Germany
05,711,Krankenhaus Mara gGmbH,Krankenhaus Mara,Maraweg,21,33617,Bielefeld,Maraweg 21 33617 Bielefeld Germany
05,754,Katholische Hospitalvereinigung Ostwestfalen gGmbH Bielefeld,Sankt Elisabeth Hospital Gütersloh,Stadtring Kattenstroth,130,33332,Gütersloh,Stadtring Kattenstroth 130 33332 Gütersloh Germany
05,754,Klinikum Gütersloh gGmbH,Klinikum Gütersloh gGmbH,Reckenberger Straße,19,33332,Gütersloh,Reckenberger Straße 19 33332 Gütersloh Germany
05,754,LWL-Klinikum Gütersloh,LWL Klinikum Gütersloh,Buxelstraße,50,33334,Gütersloh,Buxelstraße 50 33334 Gütersloh Germany
05,754,LWL-Universitätsklinik Hamm der Ruhr-Universität Bochum,LWL-Tagesklinik Gütersloh,Im Füchtei,148,33334,Gütersloh,Im Füchtei 148 33334 Gütersloh Germany
05,754,Klinikum Bielefeld gGmbH,Klinikum Halle,Winnebrockstraße,1,33790,Halle (Westfalen),Winnebrockstraße 1 33790 Halle (Westfalen) Germany
05,754,LWL-Klinikum Gütersloh,Allgemeinpsychiatrische Tagesklinik Halle,Moltkestraße,4a,33790,Halle (Westfalen),Moltkestraße 4a 33790 Halle (Westfalen) Germany
05,754,Katholische Hospitalvereinigung Ostwestfalen gGmbH Bielefeld,Sankt Lucia Hospital Harsewinkel,Dechant-Budde-Weg,3,33428,Harsewinkel,Dechant-Budde-Weg 3 33428 Harsewinkel Germany
05,754,Katholische Hospitalvereinigung Ostwestfalen gGmbH Bielefeld,Sankt Vinzenz Hospital,St.-Vinzenz-Straße,1,33378,Rheda-Wiedenbrück,St.-Vinzenz-Straße 1 33378 Rheda-Wiedenbrück Germany
05,754,LWL-Universitätsklinik Hamm der Ruhr-Universität Bochum,LWL-Tagesklinik Rheda-Wiedenbrück,Osnabrücker Weg,34,33378,Rheda-Wiedenbrück,Osnabrücker Weg 34 33378 Rheda-Wiedenbrück Germany
05,758,Klinikum Herford AöR,Lukas-Krankenhaus Bünde,Hindenburgstraße,56,32257,Bünde,Hindenburgstraße 56 32257 Bünde Germany
05,758,Klinikum Herford AöR,Tagesklinik Bünde,Spradower Schweiz,12,32257,Bünde,Spradower Schweiz 12 32257 Bünde Germany
05,758,Ev. Krankenhaus Enger,Ev. Krankenhaus Enger,Hagenstraße,47,32130,"Enger, Westfalen","Hagenstraße 47 32130 Enger, Westfalen Germany"
05,758,Katholische Hospitalvereinigung Ostwestfalen gGmbH Bielefeld,Mathilden Hospital,Renntormauer,1-3,32052,Herford,Renntormauer 1-3 32052 Herford Germany
05,758,Klinikum Herford AöR,Klinikum Herford AöR,Schwarzenmoorstraße,70,32049,Herford,Schwarzenmoorstraße 70 32049 Herford Germany
05,758,Klinikum Herford AöR,Tagesklinik Herford,Unter den Linden,41,32052,Herford,Unter den Linden 41 32052 Herford Germany
05,758,Klinikum Lippe GmbH,"Klinikum Lippe GmbH, Tagesklinik Herford-Schweicheln",Herforder Straße,239,32120,Hiddenhausen,Herforder Straße 239 32120 Hiddenhausen Germany
05,762,Klinikum Weser-Egge,St. Josef Hospital,Elmarstraße,38,33014,Bad Driburg,Elmarstraße 38 33014 Bad Driburg Germany
05,762,Klinikum Weser-Egge,St. Vincenz Hospital,Danziger Straße,17,33034,"Brakel, Westfalen","Danziger Straße 17 33034 Brakel, Westfalen Germany"
05,762,Klinikum Weser-Egge,St. Ansgar Krankenhaus,Brenkhäuser Straße,71,37671,Höxter,Brenkhäuser Straße 71 37671 Höxter Germany
05,762,LWL-Klinik Marsberg,TK Höxter,Brenkhäuser Straße,73,37671,Höxter,Brenkhäuser Straße 73 37671 Höxter Germany
05,762,Klinikum Weser-Egge,St. Rochus Krankenhaus,Nieheimer Straße,34,32839,"Steinheim, Westfalen","Nieheimer Straße 34 32839 Steinheim, Westfalen Germany"
05,762,Helios Klinikum Warburg GmbH,Helios Klinikum Warburg,Hüffertstraße,50,34414,"Warburg, Westfalen","Hüffertstraße 50 34414 Warburg, Westfalen Germany"
05,766,AMEOS Klinikum Bad Salzuflen,AMEOS Klinikum Bad Salzuflen,Waldstraße,2,32105,Bad Salzuflen,Waldstraße 2 32105 Bad Salzuflen Germany
05,766,Klinikum Lippe GmbH,"Klinikum Lippe GmbH, Standort Bad Salzuflen",Heldmanstraße,45,32108,Bad Salzuflen,Heldmanstraße 45 32108 Bad Salzuflen Germany
05,766,gpz Gemeindepsychiatrisches Zentrum,gpz Gemeindepsychiatrisches Zentrum,Schlabrendorffweg,2-6,32756,Detmold,Schlabrendorffweg 2-6 32756 Detmold Germany
05,766,Klinikum Lippe GmbH,"Klinikum Lippe GmbH, Standort Detmold",Röntgenstraße,18,32756,Detmold,Röntgenstraße 18 32756 Detmold Germany
05,766,Oberberg Fachklinik Weserbergland,Oberberg Fachklinik Weserbergland,Brede,29,32699,Extertal,Brede 29 32699 Extertal Germany
05,766,gpz Gemeindepsychiatrisches Zentrum,Tagesklinik Horn-Bad Meinberg,Pyrmonter Straße,12c,32805,Horn-Bad Meinberg,Pyrmonter Straße 12c 32805 Horn-Bad Meinberg Germany
05,766,gpz Gemeindepsychiatrisches Zentrum,Tagesklinik Lage,Hindenburgstraße,1,32791,"Lage, Lippe","Hindenburgstraße 1 32791 Lage, Lippe Germany"
05,766,Klinikum Lippe GmbH,"Klinikum Lippe GmbH, Standort Lemgo",Rintelner Straße,85,32657,Lemgo,Rintelner Straße 85 32657 Lemgo Germany
05,766,Tagesklinik für Psychiatrie und Psychosomatik GmbH & Co. KG,Tagesklinik für Psychiatrie und Psychosomatik GmbH & Co. KG,Rintelner Straße,83,32657,Lemgo,Rintelner Straße 83 32657 Lemgo Germany
05,770,Artemed Fachklinik Prof. Dr. Dr. Salfeld GmbH & Co. KG,Artemed Fachklinik Prof. Dr. Dr. Salfeld GmbH & Co. KG,Portastraße,33-35,32545,Bad Oeynhausen,Portastraße 33-35 32545 Bad Oeynhausen Germany
05,770,Auguste Viktoria Klinik,Auguste-Viktoria-Klinik,Am Kokturkanal,2,32545,Bad Oeynhausen,Am Kokturkanal 2 32545 Bad Oeynhausen Germany
05,770,Herz- und Diabeteszentrum Nordrhein-Westfalen,Herz- und Diabeteszentrum NRW,Georgstr.,11,32545,Bad Oeynhausen,Georgstr. 11 32545 Bad Oeynhausen Germany
05,770,Krankenhaus Bad Oeynhausen,Krankenhaus Bad Oeynhausen,Wielandstraße,28,32545,Bad Oeynhausen,Wielandstraße 28 32545 Bad Oeynhausen Germany
05,770,Krankenhaus Lübbecke-Rahden,Bad Oeynhausen - Wielandstraße,Wielandstraße,28,32545,Bad Oeynhausen,Wielandstraße 28 32545 Bad Oeynhausen Germany
05,770,Rheuma-Klinik Dr. Lauven,Rheuma-Klinik Dr. Lauven,Bismarckstraße,7,32545,Bad Oeynhausen,Bismarckstraße 7 32545 Bad Oeynhausen Germany
05,770,Krankenhaus Lübbecke-Rahden,Lübbecke - Virchowstraße,Virchow,65,32312,"Lübbecke, Westfalen","Virchow 65 32312 Lübbecke, Westfalen Germany"
05,770,Chirurgische Innenstadtklinik Minden GmbH & Co. KG,Chirurgische Innenstadtklinik Minden GmbH & Co. KG,Brühlstraße,33,32423,"Minden, Westfalen","Brühlstraße 33 32423 Minden, Westfalen Germany"
05,770,Johannes Wesling Klinikum Minden,Johannes Wesling Klinikum,Hans-Nolte-Straße,1,32429,"Minden, Westfalen","Hans-Nolte-Straße 1 32429 Minden, Westfalen Germany"
05,770,Klinikum Lippe GmbH,"Klinikum Lippe GmbH, Tagesklinik Minden",Prinzenstraße,12,32423,"Minden, Westfalen","Prinzenstraße 12 32423 Minden, Westfalen Germany"
05,770,Krankenhaus Lübbecke-Rahden,Minden - Rosentalstraße,Rosentalstraße,3,32423,"Minden, Westfalen","Rosentalstraße 3 32423 Minden, Westfalen Germany"
05,770,Johannes Wesling Klinikum Minden,Rahden - Hohe Mühle,Hohe Mühle,3,32369,"Rahden, Westfalen","Hohe Mühle 3 32369 Rahden, Westfalen Germany"
05,774,Karl-Hansen-Klinik GmbH,Karl-Hansen-Klinik GmbH,Antoniusstraße,19,33175,Bad Lippspringe,Antoniusstraße 19 33175 Bad Lippspringe Germany
05,774,Brüderkrankenhaus St. Josef Paderborn,Brüderkrankenhaus St. Josef Paderborn,Husener Str.,46,33098,Paderborn,Husener Str. 46 33098 Paderborn Germany
05,774,LWL-Klinik Marsberg,KJP Paderborn,Am Ostfriedhof,10,33098,Paderborn,Am Ostfriedhof 10 33098 Paderborn Germany
05,774,LWL-Klinik Marsberg,TK Paderborn,Karl-Schoppe-Weg,4a,33100,Paderborn,Karl-Schoppe-Weg 4a 33100 Paderborn Germany
05,774,LWL-Klinik Paderborn,LWL Klinik Paderborn,Agathastraße,1,33098,Paderborn,Agathastraße 1 33098 Paderborn Germany
05,774,St. Johannisstift Ev. Krankenhaus Paderborn gGmbH,St. Johannisstift Ev. Krankenhaus Paderborn gGmbH,Reumontstraße,28,33102,Paderborn,Reumontstraße 28 33102 Paderborn Germany
05,774,St. Vincenz-Krankenhaus GmbH,St. Vincenz,Am Busdorf,2,33098,Paderborn,Am Busdorf 2 33098 Paderborn Germany
05,774,LWL-Klinik Paderborn,Allgemeinpsychiatrische Tagesklinik Salzkotten,An der Burg,5,33154,Salzkotten,An der Burg 5 33154 Salzkotten Germany
05,774,St. Vincenz-Krankenhaus GmbH,St. Josefs,Dr.-Krismann-Straße,12,33154,Salzkotten,Dr.-Krismann-Straße 12 33154 Salzkotten Germany
05,911,Augusta-Kranken-Anstalt gGmbH,Augusta-Kranken-Anstalt - Betriebsstelle Bochum-Mitte,Bergstr.,26,44791,Bochum,Bergstr. 26 44791 Bochum Germany
05,911,Augusta-Kranken-Anstalt gGmbH,Augusta-Kranken-Anstalt - Betriebsstelle Bochum-Linden,Dr.-C.-Otto-Str.,27,44879,Bochum,Dr.-C.-Otto-Str. 27 44879 Bochum Germany
05,911,Berufsgenossenschaftliches Universitätsklinikum Bergmannsheil gGmbH,Bergmannsheil Bochum gGmbH,Bürkle de la Camp-Platz,1,44789,Bochum,Bürkle de la Camp-Platz 1 44789 Bochum Germany
05,911,Katholisches Klinikum Bochum gGmbH,Standort EH - St. Elisabeth-Hospital,Bleichstr.,15,44787,Bochum,Bleichstr. 15 44787 Bochum Germany
05,911,Katholisches Klinikum Bochum gGmbH,Standort JH - St. Josef-Hospital,Gudrunstr.,56,44791,Bochum,Gudrunstr. 56 44791 Bochum Germany
05,911,Katholisches Klinikum Bochum gGmbH,Standort MH-WAT/MLK - Marien-Hospital Wattenscheid/Martin-Luther-Krankenhaus,Parkstr.,15,44866,Bochum,Parkstr. 15 44866 Bochum Germany
05,911,LWL-Universitätsklinikum Bochum,LWL-Universitätsklinikum Bochum,Alexandrinenstr.,1,44791,Bochum,Alexandrinenstr. 1 44791 Bochum Germany
05,911,Universitätsklinikum Knappschaftskrankenhaus Bochum,Universitätsklinikum Knappschaftskrankenhaus Bochum,In der Schornau,23-25,44892,Bochum,In der Schornau 23-25 44892 Bochum Germany
05,911,VALEARA KJP Bochum GmbH,VALEARA KJP Bochum GmbH,Axstraße,33,44879,Bochum,Axstraße 33 44879 Bochum Germany
05,913,Hüttenhospital gGmbH,Hüttenhospital gGmbH,Am Marksbach,28,44269,Dortmund,Am Marksbach 28 44269 Dortmund Germany
05,913,Klinikum Dortmund gGmbH,Klinikum Dortmund gGmbH,Beurhausstraße,40,44137,Dortmund,Beurhausstraße 40 44137 Dortmund Germany
05,913,Klinikum Dortmund gGmbH,Klinikum Dortmund gGmbH - Klinikzentrum Nord,Münsterstraße,240,44145,Dortmund,Münsterstraße 240 44145 Dortmund Germany
05,913,"Klinikum Westfalen GmbH - KKDO, KaP, HK",Knappschaftskrankenhaus Dortmund,Am Knappschaftskrankenhaus,1,44309,Dortmund,Am Knappschaftskrankenhaus 1 44309 Dortmund Germany
05,913,Knappschaftskrankenhaus Lütgendortmund,Knappschaftskrankenhaus Lütgendortmund,Volksgartenstraße,40,44388,Dortmund,Volksgartenstraße 40 44388 Dortmund Germany
05,913,LWL Elisabeth-Klinik,LWL-Klinik Dortmund - Elisabeth-Klinik - Kinder- und Jugendpsychiatrie Psychotherapie · Psychosomatik,Marsbruchstraße,162a,44287,Dortmund,Marsbruchstraße 162a 44287 Dortmund Germany
05,913,LWL Elisabeth-Klinik,"LWL-Tagesklinik Dortmund Kinder- und Jugendpsychiatrie, Psychosomatik",Marsbruchstraße,162a,44287,Dortmund,Marsbruchstraße 162a 44287 Dortmund Germany
05,913,LWL-Klinik Dortmund,LWL-Klinik Dortmund,Marsbruchstraße,179,44287,Dortmund,Marsbruchstraße 179 44287 Dortmund Germany
05,913,LWL-Klinik Dortmund,LWL-Tagesklinik Dortmund - Brackel,Schimmelstraße,15,44309,Dortmund,Schimmelstraße 15 44309 Dortmund Germany
05,913,Marien Hospital Dortmund-Hombruch,Marien Hospital Dortmund-Hombruch,Gablonzstraße,9,44225,Dortmund,Gablonzstraße 9 44225 Dortmund Germany
05,913,Orthopädische Klinik Volmarstein,Ortho-Klinik Dortmund,Virchowstraße,4,44263,Dortmund,Virchowstraße 4 44263 Dortmund Germany
05,913,St. Elisabeth Krankenhaus Dortmund-Kurl,St. Elisabeth Krankenhaus Dortmund-Kurl,Kurler Straße,130,44319,Dortmund,Kurler Straße 130 44319 Dortmund Germany
05,913,St. Johannes Hospital Dortmund,St. Johannes Hospital Dortmund,Johannesstraße,9-13,44137,Dortmund,Johannesstraße 9-13 44137 Dortmund Germany
05,913,St. Lukas Klinikum,St.-Josefs-Hospital,Wilhelm-Schmidt-Straße,4,44263,Dortmund,Wilhelm-Schmidt-Straße 4 44263 Dortmund Germany
05,913,St. Lukas Klinikum,Katholisches Krankenhaus Dortmund-West,Zollernstraße,40,44379,Dortmund,Zollernstraße 40 44379 Dortmund Germany
05,914,AGAPLESION Allgemeines Krankenhaus Hagen,AGAPLESION Allgemeines Krankenhaus Hagen,Grünstr.,35,58095,"Hagen, Westfalen","Grünstr. 35 58095 Hagen, Westfalen Germany"
05,914,Ev. Krankenhaus Hagen-Haspe gGmbH,Ev. Krankenhaus Hagen-Haspe,Brusebrinkstraße,20,58135,"Hagen, Westfalen","Brusebrinkstraße 20 58135 Hagen, Westfalen Germany"
05,914,Kath. Krankenhaus Hagen gem. GmbH,St.-Josefs-Hospital,Dreieckstraße,17,58097,"Hagen, Westfalen","Dreieckstraße 17 58097 Hagen, Westfalen Germany"
05,914,Kath. Krankenhaus Hagen gem. GmbH,St.-Johannes-Hospital,Hospitalstraße,6-10,58099,"Hagen, Westfalen","Hospitalstraße 6-10 58099 Hagen, Westfalen Germany"
05,914,Kath. Krankenhaus Hagen gem. GmbH,Zentrum für seelische Gesundheit Elsey,Iserlohner Straße,43,58119,"Hagen, Westfalen","Iserlohner Straße 43 58119 Hagen, Westfalen Germany"
05,914,VAMED Klinik Hagen-Ambrock,VAMED Klinik Hagen-Ambrock,Ambrocker Weg,60,58091,"Hagen, Westfalen","Ambrocker Weg 60 58091 Hagen, Westfalen Germany"
05,915,Evangelisches Krankenhaus Hamm gGmbH,Evangelisches Krankenhaus Hamm gGmbH,Werler Straße,110,59063,"Hamm, Westfalen","Werler Straße 110 59063 Hamm, Westfalen Germany"
05,915,Klinik für Manuelle Therapie,Klinik für Manuelle Therapie,Ostenallee,83,59071,"Hamm, Westfalen","Ostenallee 83 59071 Hamm, Westfalen Germany"
05,915,LWL-Universitätsklinik Hamm der Ruhr-Universität Bochum,LWL-Universitätsklinik Hamm der Ruhr-Universität Bochum,Heithofer Allee,64,59071,"Hamm, Westfalen","Heithofer Allee 64 59071 Hamm, Westfalen Germany"
05,915,St. Barbara-Klinik Hamm GmbH,St. Barbara Klinik Hamm-Heessen,Am Heessener Wald,1,59073,"Hamm, Westfalen","Am Heessener Wald 1 59073 Hamm, Westfalen Germany"
05,915,St. Marien-Hospital Hamm,Standort Knappenstraße,Knappenstraße,19,59071,"Hamm, Westfalen","Knappenstraße 19 59071 Hamm, Westfalen Germany"
05,915,St. Marien-Hospital Hamm,Standort Nassauerstraße,Nassauerstraße,13-19,59065,"Hamm, Westfalen","Nassauerstraße 13-19 59065 Hamm, Westfalen Germany"
05,916,Evangelisches Krankenhaus Herne,Herne-Eickel,Hordeler Str.,7-9,44651,"Herne, Westfalen","Hordeler Str. 7-9 44651 Herne, Westfalen Germany"
05,916,Evangelisches Krankenhaus Herne,Herne-Mitte,Wiescherstraße,24,44623,"Herne, Westfalen","Wiescherstraße 24 44623 Herne, Westfalen Germany"
05,916,LWL-Klinik Marl-Sinsen Marl,Tagesklink  Herne der LWL-Klinik Marl-Sinsen - Haardklinik - Kinder- und Jugendpsychiatrie - Psychotherapie - Psychosomatik,Ludwigstr.,14,44649,"Herne, Westfalen","Ludwigstr. 14 44649 Herne, Westfalen Germany"
05,916,Marien Hospital Herne-Universitätsklinikum der Ruhr-Universität Bochum,Marien Hospital Herne-Universitätsklinikum der Ruhr-Universität Bochum,Hölkeskampring,40,44625,"Herne, Westfalen","Hölkeskampring 40 44625 Herne, Westfalen Germany"
05,916,Rheumazentrum Ruhrgebiet,Rheumazentrum Ruhrgebiet - Hauptstandort,Claudiusstr.,45,44649,"Herne, Westfalen","Claudiusstr. 45 44649 Herne, Westfalen Germany"
05,916,St. Anna-Hospital,St. Anna-Hospital - Hauptstandort,Hospitalstraße,19,44649,"Herne, Westfalen","Hospitalstraße 19 44649 Herne, Westfalen Germany"
05,916,St. Marien Hospital Eickel,St. Marien Hospital Eickel,Marienstr.,2,44651,"Herne, Westfalen","Marienstr. 2 44651 Herne, Westfalen Germany"
05,954,Fliedner Klinik Gevelsberg,Fliedner Klinik Gevelsberg Tagesklinik,Sudfeldstr.,1,58285,Gevelsberg,Sudfeldstr. 1 58285 Gevelsberg Germany
05,954,Augusta-Kranken-Anstalt gGmbH,Evangelisches Krankenhaus Hattingen,Bredenscheider Straße,54,45525,"Hattingen, Ruhr","Bredenscheider Straße 54 45525 Hattingen, Ruhr Germany"
05,954,Katholische Kliniken Ruhrhalbinsel,St. Elisabeth-Krankenhaus Niederwenigern,Essener Straße,31,45529,"Hattingen, Ruhr","Essener Straße 31 45529 Hattingen, Ruhr Germany"
05,954,Katholisches Klinikum Bochum gGmbH,Standort BL - Klinik Blankenstein,Im Vogelsang,5-11,45527,"Hattingen, Ruhr","Im Vogelsang 5-11 45527 Hattingen, Ruhr Germany"
05,954,Gemeinschaftskrankenhaus Herdecke,Gemeinschaftskrankenhaus Herdecke - Hauptstandort,Gerhard-Kienle-Weg,4,58313,"Herdecke, Ruhr","Gerhard-Kienle-Weg 4 58313 Herdecke, Ruhr Germany"
05,954,Helios Klinikum Schwelm GmbH,Helios Klinikum Schwelm,Dr.-Moeller-Straße,15,58332,Schwelm,Dr.-Moeller-Straße 15 58332 Schwelm Germany
05,954,Orthopädische Klinik Volmarstein,Orthopädische Klinik Volmarstein,Lothar-Gau-Straße,11,58300,Wetter (Ruhr),Lothar-Gau-Straße 11 58300 Wetter (Ruhr) Germany
05,954,Evangelisches Krankenhaus Witten gGmbH,Evangelisches Krankenhaus Witten gGmbH,Pferdebachstraße,27,58455,Witten,Pferdebachstraße 27 58455 Witten Germany
05,954,Gemeinschaftskrankenhaus Herdecke,Gemeinschaftskrankenhaus Tagesklinik Witten,Pferdebachstraße,51,58455,Witten,Pferdebachstraße 51 58455 Witten Germany
05,954,Marien Hospital Witten,Marien Hospital Witten,Marienplatz,2,58452,Witten,Marienplatz 2 58452 Witten Germany
05,958,Klinikum Hochsauerland GmbH,Marienhospital Arnsberg,Nordring,37-41,59821,"Arnsberg, Westfalen","Nordring 37-41 59821 Arnsberg, Westfalen Germany"
05,958,Klinikum Hochsauerland GmbH,St. Johannes-Hospital,Springufer,7,59755,"Arnsberg, Westfalen","Springufer 7 59755 Arnsberg, Westfalen Germany"
05,958,Klinikum Hochsauerland GmbH,Karolinen-Hospital,Stolte Ley,5,59759,"Arnsberg, Westfalen","Stolte Ley 5 59759 Arnsberg, Westfalen Germany"
05,958,Städt. Krankenhaus Maria-Hilf Brilon gGmbH,Städt. Krankenhaus Maria-Hilf Brilon gGmbH,Am Schönschede,1,59929,Brilon,Am Schönschede 1 59929 Brilon Germany
05,958,LWL-Klinik Marsberg,Bredelarer Straße 33 (KKJPP),Bredelarer Straße,33,34431,"Marsberg, Sauerland","Bredelarer Straße 33 34431 Marsberg, Sauerland Germany"
05,958,LWL-Klinik Marsberg,LWL-Klinik Marsberg,Weist,45,34431,"Marsberg, Sauerland","Weist 45 34431 Marsberg, Sauerland Germany"
05,958,St.-Marien-Hospital Marsberg,St.-Marien-Hospital Marsberg,Marienstraße,2,34431,"Marsberg, Sauerland","Marienstraße 2 34431 Marsberg, Sauerland Germany"
05,958,Klinikum Hochsauerland GmbH,St. Walburga-Krankenhaus,Schederweg,12,59870,Meschede,Schederweg 12 59870 Meschede Germany
05,958,LWL-Klinik Marsberg,TK Meschede,Feldstraße,1,59872,Meschede,Feldstraße 1 59872 Meschede Germany
05,958,LWL-Klinik Marsberg,LWL Tagesklinik Meschede,Winziger Platz,10,59872,Meschede,Winziger Platz 10 59872 Meschede Germany
05,958,Elisabeth-Klinik gGmbH,Elisabeth-Klinik Bigge,Heinrich-Sommer-Straße,4,59939,Olsberg,Heinrich-Sommer-Straße 4 59939 Olsberg Germany
05,958,Fachkrankenhaus Kloster Grafschaft GmbH,Fachkrankenhaus Kloster Grafschaft GmbH,Annostraße,1,57392,Schmallenberg,Annostraße 1 57392 Schmallenberg Germany
05,958,LWL-Klinik Marsberg,LWL Tagesklinik Schmallenberg - Bad Fredeburg,Von-Ascheberg-Straße,19a,57392,Schmallenberg,Von-Ascheberg-Straße 19a 57392 Schmallenberg Germany
05,958,Neurologische Klinik Sorpesee GmbH & Co. KG,Neurologische Klinik Sorpesee GmbH & Co. KG,Lindenstraße,22,59846,Sundern (Sauerland),Lindenstraße 22 59846 Sundern (Sauerland) Germany
05,958,Sauerlandklinik Hachen,Sauerlandklinik Hachen,Siepenstraße,44,59846,Sundern (Sauerland),Siepenstraße 44 59846 Sundern (Sauerland) Germany
05,958,St. Franziskus-Hospital gGmbH Winterberg,St. Franziskus-Hospital Winterberg gGmbH,Franziskusstraße,2,59955,"Winterberg, Westfalen","Franziskusstraße 2 59955 Winterberg, Westfalen Germany"
05,962,DGD Stadtklinik Hemer gGmbH,DGD Stadtklinik Hemer gGmbH,Breddestraße,22,58675,Hemer,Breddestraße 22 58675 Hemer Germany
05,962,Lungenklinik Hemer,Lungenklinik Hemer,Theo-Funccius-Straße,1,58675,Hemer,Theo-Funccius-Straße 1 58675 Hemer Germany
05,962,"LWL-Klinik Hemer, Hans-Prinzhorn-Klinik","LWL-Klinik Hemer, Hans-Prinzhorn-Klinik",Frönsberger Straße,71,58675,Hemer,Frönsberger Straße 71 58675 Hemer Germany
05,962,AGAPLESION Ev. Krankenhaus Bethanien Iserlohn gGmbH,AGAPLESION Ev. Krankenhaus Bethanien Iserlohn gGmbH,Bethanienallee,3,58644,Iserlohn,Bethanienallee 3 58644 Iserlohn Germany
05,962,"Katholische Kliniken im Märkischen Kreis, Iserlohn",St.  Elisabeth-Hospital,Hochstraße,63,58638,Iserlohn,Hochstraße 63 58638 Iserlohn Germany
05,962,"LWL-Klinik Hemer, Hans-Prinzhorn-Klinik",LWL-Tagesklinik Iserlohn - Allg. Psychiatrie/Tagesklinik Gerontopsychiatrie,Hardtstraße,47,58644,Iserlohn,Hardtstraße 47 58644 Iserlohn Germany
05,962,Berglandklinik Lüdenscheid GmbH & Co. KG,Berglandklinik Lüdenscheid GmbH & Co. KG,Am Hundebrink,6,58511,Lüdenscheid,Am Hundebrink 6 58511 Lüdenscheid Germany
05,962,Klinikum Lüdenscheid,Klinikum Lüdenscheid,Paulmannshöher Straße,14,58515,Lüdenscheid,Paulmannshöher Straße 14 58515 Lüdenscheid Germany
05,962,Sportklinik Hellersen,Sportklinik Hellersen,Paulmannshöher Str.,17,58515,Lüdenscheid,Paulmannshöher Str. 17 58515 Lüdenscheid Germany
05,962,"Katholische Kliniken im Märkischen Kreis, Iserlohn",St. Vincenz Krankenhaus,Am Stein,24,58706,Menden,Am Stein 24 58706 Menden Germany
05,962,"LWL-Klinik Hemer, Hans-Prinzhorn-Klinik",LWL-Tagesklinik Plettenberg,Bahnhofstraße,111,58840,Plettenberg,Bahnhofstraße 111 58840 Plettenberg Germany
05,962,radprax Krankenhaus Plettenberg GmbH,radprax Krankenhaus Plettenberg GmbH,Ernst-Moritz-Arndt-Str.,17,58840,Plettenberg,Ernst-Moritz-Arndt-Str. 17 58840 Plettenberg Germany
05,962,Stadtklinik Werdohl,Stadtklinik Werdohl,Schulstraße,25,58791,Werdohl,Schulstraße 25 58791 Werdohl Germany
05,966,Helios Klinik Attendorn,Helios Klinik Attendorn,Hohler Weg,9,57439,Attendorn,Hohler Weg 9 57439 Attendorn Germany
05,966,GFO Kliniken Südwestfalen,St. Josefs-Hospital,Uferstr.,7,57368,Lennestadt,Uferstr. 7 57368 Lennestadt Germany
05,966,GFO Kliniken Südwestfalen,St. Martinus-Hospital,Hospitalweg,6,57462,"Olpe, Biggesee","Hospitalweg 6 57462 Olpe, Biggesee Germany"
05,970,Klinik Wittgenstein,Klinik Wittgenstein,Sählingstraße,60,57319,Bad Berleburg,Sählingstraße 60 57319 Bad Berleburg Germany
05,970,VAMED Klinik Bad Berleburg,VAMED Klinik Bad Berleburg,An der Gontardslust,7,57319,Bad Berleburg,An der Gontardslust 7 57319 Bad Berleburg Germany
05,970,Diakonie Klinikum GmbH,Diakonie Klinikum Bethesda Freudenberg,Euelsbruchstraße,39,57258,"Freudenberg, Westfalen","Euelsbruchstraße 39 57258 Freudenberg, Westfalen Germany"
05,970,Klinik Wittgenstein,Tagesklinik Netphen,Untere Industriestraße,20,57250,Netphen,Untere Industriestraße 20 57250 Netphen Germany
05,970,Diakonie Klinikum GmbH,Diakonie Klinikum Jung-Stilling Siegen,Wichernstraße,40,57074,Siegen,Wichernstraße 40 57074 Siegen Germany
05,970,DRK-Kinderklinik Siegen gGmbH,DRK Kinderklinik gGmbH,Wellersbergstraße,60,57072,Siegen,Wellersbergstraße 60 57072 Siegen Germany
05,970,DRK-Kinderklinik Siegen gGmbH,DRK Kinderklinik gGmbH Perinatalzentrum,Wichernstraße,40,57074,Siegen,Wichernstraße 40 57074 Siegen Germany
05,970,Kreisklinikum Siegen gGmbH,Tagesklinik Psychiatrie,Grube Neue Haardt,1,57072,Siegen,Grube Neue Haardt 1 57072 Siegen Germany
05,970,Kreisklinikum Siegen gGmbH,Kreisklinikum Siegen gGmbH,Weidenauer Straße,76,57076,Siegen,Weidenauer Straße 76 57076 Siegen Germany
05,970,Kreisklinikum Siegen gGmbH,Standort Wellersbergstraße,Wellersbergstraße,60,57072,Siegen,Wellersbergstraße 60 57072 Siegen Germany
05,970,St. Marien-Krankenhaus Siegen,St. Marien-Krankenhaus Siegen,Kampenstraße,51,57072,Siegen,Kampenstraße 51 57072 Siegen Germany
05,974,Dreifaltigkeits-Hospital gGmbH,Marien-Hospital Erwitte,Von-Droste-Straße,14,59597,Erwitte,Von-Droste-Straße 14 59597 Erwitte Germany
05,974,Dreifaltigkeits-Hospital gGmbH,"Hospital zum Hl. Geist, Geseke",Bachstraße,76,59590,Geseke,Bachstraße 76 59590 Geseke Germany
05,974,Hospital zum Hl. Geist gGmbH,Hospital zum Hl. Geist Geseke,Bachstraße,76,59590,Geseke,Bachstraße 76 59590 Geseke Germany
05,974,Dreifaltigkeits-Hospital gGmbH,Dreifaltigkeits-Hospital Lippstadt,Klosterstraße,31,59555,Lippstadt,Klosterstraße 31 59555 Lippstadt Germany
05,974,Ev. Krankenhaus Lippstadt,Ev. Krankenhaus Lippstadt,Wiedenbrücker Straße,33,59555,Lippstadt,Wiedenbrücker Straße 33 59555 Lippstadt Germany
05,974,LWL-Klinik Lippstadt,LWL-Klinik Lippstadt/Tagesklinik Psychiatrie Lippstadt,Am Nordbahnhof,15,59555,Lippstadt,Am Nordbahnhof 15 59555 Lippstadt Germany
05,974,LWL-Klinik Lippstadt,LWL-Klinik Lippstadt,Im Hofholz,6,59556,Lippstadt,Im Hofholz 6 59556 Lippstadt Germany
05,974,Klinikum Stadt Soest gGmbH,Klinikum Stadt Soest gGmbH,Senator-Schwartz-Ring,8,59494,"Soest, Westfalen","Senator-Schwartz-Ring 8 59494 Soest, Westfalen Germany"
05,974,LWL-Klinik Lippstadt,LWL-Klinik Lippstadt/Tagesklinik Psychiatrie Soest,Widumgasse,3,59494,"Soest, Westfalen","Widumgasse 3 59494 Soest, Westfalen Germany"
05,974,LWL-Universitätsklinik Hamm der Ruhr-Universität Bochum,LWL-Tagesklinik Soest,Hattroper Weg,76,59494,"Soest, Westfalen","Hattroper Weg 76 59494 Soest, Westfalen Germany"
05,974,Marienkrankenhaus Soest,Marienkrankenhaus Soest,Widumgasse,5,59494,"Soest, Westfalen","Widumgasse 5 59494 Soest, Westfalen Germany"
05,974,Krankenhaus Maria Hilf GmbH,Krankenhaus Maria Hilf GmbH,Hospitalstr.,3-7,59581,Warstein,Hospitalstr. 3-7 59581 Warstein Germany
05,974,LWL-Klinik Warstein,LWL-Klinik Warstein,Franz-Hegemann-Straße,23,59581,Warstein,Franz-Hegemann-Straße 23 59581 Warstein Germany
05,974,Mariannen-Hospital Werl,Mariannen-Hospital Werl,Unnaer Straße,15,59457,Werl,Unnaer Straße 15 59457 Werl Germany
05,978,LWL-Klinik Dortmund,LWL-Tagesklinik Bergkamen,Erich-Ollenhauer-Straße,7,59192,Bergkamen,Erich-Ollenhauer-Straße 7 59192 Bergkamen Germany
05,978,LWL-Universitätsklinik Hamm der Ruhr-Universität Bochum,LWL-Tagesklinik Bergkamen,Bruktererstraße,30,59192,Bergkamen,Bruktererstraße 30 59192 Bergkamen Germany
05,978,"Klinikum Westfalen GmbH - KKDO, KaP, HK",Hellmig-Krankenhaus Kamen,Nordstraße,34,59174,"Kamen, Westfalen","Nordstraße 34 59174 Kamen, Westfalen Germany"
05,978,Katholisches Klinikum Lünen/Werne,St. Marien Hospital Lünen,Altstadtstraße,23,44534,Lünen,Altstadtstraße 23 44534 Lünen Germany
05,978,"Klinikum Westfalen GmbH - KKDO, KaP, HK",Klinik am Park Lünen,Brechtener Straße,59,44536,Lünen,Brechtener Straße 59 44536 Lünen Germany
05,978,LWL-Klinik Dortmund,LWL-Tagesklinik Lünen,Altstadtstraße,23a,44534,Lünen,Altstadtstraße 23a 44534 Lünen Germany
05,978,Marienkrankenhaus Schwerte,Marienkrankenhaus Schwerte,Goethestraße,19,58239,Schwerte,Goethestraße 19 58239 Schwerte Germany
05,978,Tagesklinik Schwerte,GPHS Tagesklinik Schwerte e.V.,Kleppingstraße,21,58239,Schwerte,Kleppingstraße 21 58239 Schwerte Germany
05,978,Christliches Klinikum Unna,"Christliches Klinikum Unna, Standort West",Holbeinstraße,10,59423,Unna,Holbeinstraße 10 59423 Unna Germany
05,978,Christliches Klinikum Unna,"Christliches Klinikum Unna, Standort Mitte - Hauptstandort",Obere Husemannstraße,2,59423,Unna,Obere Husemannstraße 2 59423 Unna Germany
05,978,Fachklinik für Kinderneurologie und Sozialpädiatrie Königsborn,Fachklinik für Kinderneurologie und Sozialpädiatrie Königsborn,Zimmerplatz,1,59425,Unna,Zimmerplatz 1 59425 Unna Germany
05,978,LWL-Klinik Dortmund,LWL-Klinik Dortmund -Dependance Unna,Holbeinstraße,10,59423,Unna,Holbeinstraße 10 59423 Unna Germany
05,978,Katholisches Klinikum Lünen/Werne,St. Christophorus Krankenhaus Werne,Am See,1,59368,Werne,Am See 1 59368 Werne Germany
